delivery_id,request_id,warehouse_id,quantity_delivered,promised_date,delivered_date,status
9001,5001,4,18500,2026-02-05,2026-02-09,Partial
9002,5002,1,48200,2026-02-03,2026-02-03,Delivered
9003,5003,4,12000,2026-02-05,2026-02-12,Lost
10000,6000,1,5932,2025-10-17,2025-10-17,Partial
10001,6001,1,6500,2025-11-02,2025-11-02,Delivered
10002,6002,1,3926,2025-10-31,2025-10-31,Delivered
10003,6003,1,5899,2026-02-27,2026-02-27,Delivered
10004,6004,1,2177,2026-02-18,2026-02-18,Partial
10005,6005,1,8588,2026-03-04,2026-03-04,Delivered
10006,6006,1,4517,2026-02-26,2026-02-26,Delivered
10007,6007,1,6898,2025-11-03,2025-11-03,Partial
10008,6008,1,14446,2025-11-02,2025-11-02,Delivered
10009,6009,1,4335,2025-10-07,2025-10-07,Partial
10010,6010,1,1248,2026-03-02,2026-03-02,Delivered
10011,6011,1,3502,2026-02-19,2026-02-19,Delivered
10012,6012,1,7683,2026-02-16,2026-02-16,Delivered
10013,6013,1,3918,2026-02-18,2026-02-18,Partial
10014,6014,1,6287,2026-02-26,2026-02-26,Partial
10015,6015,1,1957,2026-02-21,2026-02-21,Delivered
10016,6016,1,3371,2026-03-07,2026-03-07,Partial
10017,6017,1,2717,2026-03-02,2026-03-02,Partial
10018,6018,1,2242,2025-11-01,2025-11-01,Partial
10019,6019,1,6560,2025-10-19,2025-10-19,Delivered
10020,6020,1,10606,2025-10-19,2025-10-19,Partial
10021,6021,1,7122,2025-10-18,2025-10-18,Delivered
10022,6022,1,8412,2026-02-25,2026-02-25,Partial
10023,6023,1,8290,2026-02-24,2026-02-24,Partial
10024,6024,1,12588,2026-02-27,2026-02-27,Partial
10025,6025,1,6143,2026-02-25,2026-02-25,Delivered
10026,6026,1,5685,2026-03-03,2026-03-03,Delivered
10027,6027,1,4369,2026-02-28,2026-02-28,Partial
10028,6028,1,8318,2025-10-19,2025-10-19,Delivered
10029,6029,1,6788,2025-10-19,2025-10-19,Delivered
10030,6030,1,6110,2025-10-29,2025-10-29,Delivered
10031,6031,1,2557,2025-10-14,2025-10-14,Partial
10032,6032,1,7892,2025-10-15,2025-10-15,Delivered
10033,6033,1,8467,2025-10-13,2025-10-13,Delivered
10034,6034,1,8341,2025-10-27,2025-10-27,Delivered
10035,6035,1,7401,2025-10-14,2025-10-14,Delivered
10036,6036,1,6154,2026-02-21,2026-02-21,Delivered
10037,6037,1,5821,2026-02-25,2026-02-25,Delivered
10038,6038,1,138,2026-02-21,2026-02-21,Lost
10039,6039,1,7206,2026-02-18,2026-02-18,Delivered
10040,6040,1,4022,2026-03-05,2026-03-05,Delivered
10041,6041,1,2666,2026-03-09,2026-03-09,Delivered
10042,6042,1,5477,2026-02-17,2026-02-17,Partial
10043,6043,1,1937,2026-02-22,2026-02-22,Partial
10044,6044,1,7442,2025-10-11,2025-10-11,Delivered
10045,6045,1,6615,2025-11-01,2025-11-01,Partial
10046,6046,1,5884,2025-10-22,2025-10-22,Delivered
10047,6047,1,14319,2025-10-24,2025-10-24,Partial
10048,6048,1,3271,2026-03-03,2026-03-03,Delivered
10049,6049,1,3251,2026-02-26,2026-02-26,Delivered
10050,6050,1,1087,2026-02-10,2026-02-10,Partial
10051,6051,1,6646,2026-02-15,2026-02-15,Partial
10052,6052,1,4617,2025-10-21,2025-10-21,Delivered
10053,6053,1,5033,2025-10-09,2025-10-09,Delivered
10054,6054,1,7617,2025-11-04,2025-11-04,Partial
10055,6055,1,8410,2025-11-07,2025-11-07,Delivered
10056,6056,1,7188,2025-10-10,2025-10-10,Delivered
10057,6057,1,2005,2025-10-11,2025-10-11,Delivered
10058,6058,1,7297,2025-10-17,2025-10-17,Delivered
10059,6059,1,4653,2026-03-03,2026-03-03,Delivered
10060,6060,1,7309,2026-03-04,2026-03-04,Partial
10061,6061,1,1313,2026-03-08,2026-03-08,Delivered
10062,6062,1,3628,2026-02-27,2026-02-27,Delivered
10063,6063,1,4049,2026-02-16,2026-02-16,Partial
10064,6064,1,5063,2026-02-12,2026-02-12,Partial
10065,6065,1,682,2026-02-19,2026-02-19,Partial
10066,6066,1,2983,2025-10-07,2025-10-07,Delivered
10067,6067,1,1328,2025-10-28,2025-10-28,Partial
10068,6068,1,17,2025-10-18,2025-10-18,Lost
10069,6069,1,7124,2025-10-20,2025-10-20,Partial
10070,6070,1,6880,2025-11-03,2025-11-03,Partial
10071,6071,1,4816,2025-10-25,2025-10-25,Delivered
10072,6072,1,2219,2025-10-14,2025-10-14,Delivered
10073,6073,1,620,2026-02-11,2026-02-11,Partial
10074,6074,1,3719,2026-03-07,2026-03-07,Delivered
10075,6075,1,2660,2026-03-05,2026-03-05,Delivered
10076,6076,1,1816,2025-10-26,2025-10-26,Delivered
10077,6077,1,2900,2025-10-24,2025-10-24,Delivered
10078,6078,1,3950,2025-11-04,2025-11-04,Partial
10079,6079,1,4522,2025-10-13,2025-10-13,Delivered
10080,6080,1,5997,2025-10-19,2025-10-19,Delivered
10081,6081,1,3616,2025-11-02,2025-11-02,Delivered
10082,6082,1,2813,2026-03-02,2026-03-02,Delivered
10083,6083,1,20888,2026-02-10,2026-02-10,Delivered
10084,6084,1,15898,2026-03-05,2026-03-05,Delivered
10085,6085,1,6214,2026-02-13,2026-02-13,Delivered
10086,6086,1,221,2026-03-01,2026-03-01,Lost
10087,6087,1,4518,2026-02-13,2026-02-13,Delivered
10088,6088,1,7199,2026-03-07,2026-03-07,Delivered
10089,6089,1,4138,2025-10-30,2025-10-30,Partial
10090,6090,1,2523,2025-10-15,2025-10-15,Delivered
10091,6091,1,2618,2025-11-02,2025-11-02,Delivered
10092,6092,1,1066,2025-10-29,2025-10-29,Partial
10093,6093,1,7036,2025-10-19,2025-10-19,Delivered
10094,6094,1,5396,2026-02-22,2026-02-22,Delivered
10095,6095,1,3774,2026-02-12,2026-02-12,Partial
10096,6096,1,4040,2026-02-18,2026-02-18,Partial
10097,6097,1,6545,2026-03-10,2026-03-10,Delivered
10098,6098,1,2911,2026-03-07,2026-03-07,Partial
10099,6099,1,5243,2025-10-24,2025-10-24,Delivered
10100,6100,1,6700,2025-10-07,2025-10-07,Partial
10101,6101,1,8721,2025-10-22,2025-10-22,Delivered
10102,6102,1,5236,2025-10-20,2025-10-20,Delivered
10103,6103,1,1000,2025-11-05,2025-11-05,Delivered
10104,6104,1,6654,2025-10-15,2025-10-15,Partial
10105,6105,1,618,2025-10-18,2025-10-18,Partial
10106,6106,1,6118,2025-10-23,2025-10-23,Delivered
10107,6107,1,4264,2026-02-20,2026-02-20,Partial
10108,6108,1,4285,2026-02-28,2026-02-28,Partial
10109,6109,1,1582,2026-02-27,2026-02-27,Delivered
10110,6110,1,2374,2026-02-18,2026-02-18,Partial
10111,6111,1,3080,2026-02-24,2026-02-24,Delivered
10112,6112,1,4715,2026-02-23,2026-02-23,Partial
10113,6113,1,3137,2026-02-20,2026-02-20,Delivered
10114,6114,1,3236,2025-10-22,2025-10-22,Partial
10115,6115,1,7182,2025-11-01,2025-11-01,Delivered
10116,6116,1,8073,2025-10-19,2025-10-19,Delivered
10117,6117,1,8374,2025-11-02,2025-11-02,Partial
10118,6118,1,929,2025-10-20,2025-10-20,Delivered
10119,6119,1,999,2025-10-25,2025-10-25,Partial
10120,6120,1,4594,2026-02-17,2026-02-17,Partial
10121,6121,1,1506,2026-02-19,2026-02-19,Delivered
10122,6122,1,4970,2026-02-17,2026-02-17,Delivered
10123,6123,1,6738,2026-02-18,2026-02-18,Delivered
10124,6124,1,5501,2026-02-07,2026-02-07,Partial
10125,6125,1,1864,2026-02-12,2026-02-12,Delivered
10126,6126,1,4629,2026-02-10,2026-02-10,Partial
10127,6127,1,3008,2026-02-17,2026-02-17,Delivered
10128,6128,4,6791,2025-10-27,2025-10-27,Partial
10129,6129,4,14550,2025-10-12,2025-10-12,Partial
10130,6130,4,7238,2025-10-31,2025-10-31,Partial
10131,6131,4,6449,2025-10-09,2025-10-09,Partial
10132,6132,4,7286,2025-10-11,2025-10-19,Partial
10133,6133,1,1964,2025-10-28,2025-10-28,Delivered
10134,6134,1,21654,2025-10-12,2025-10-12,Partial
10135,6135,1,5674,2025-10-22,2025-10-22,Delivered
10136,6136,1,832,2025-10-12,2025-10-12,Lost
10137,6137,1,3952,2025-11-03,2025-11-03,Delivered
10138,6138,1,2821,2026-02-18,2026-02-18,Delivered
10139,6139,1,7875,2026-03-02,2026-03-02,Delivered
10140,6140,1,5070,2026-03-01,2026-03-01,Delivered
10141,6141,1,4682,2026-02-11,2026-02-11,Partial
10142,6142,1,7210,2026-03-01,2026-03-01,Partial
10143,6143,1,3971,2025-10-28,2025-10-28,Delivered
10144,6144,1,3872,2025-10-15,2025-10-15,Delivered
10145,6145,1,2636,2025-10-24,2025-10-24,Delivered
10146,6146,1,2112,2025-10-11,2025-10-11,Partial
10147,6147,1,8427,2025-10-27,2025-10-27,Partial
10148,6148,1,3131,2026-02-28,2026-02-28,Delivered
10149,6149,1,3935,2026-02-11,2026-02-11,Partial
10150,6150,1,3880,2026-02-20,2026-02-20,Partial
10151,6151,1,4911,2026-03-04,2026-03-04,Delivered
10152,6152,1,2329,2025-10-17,2025-10-17,Delivered
10153,6153,1,7582,2025-10-25,2025-10-25,Delivered
10154,6154,1,7641,2025-10-28,2025-10-28,Delivered
10155,6155,1,1940,2025-10-14,2025-10-14,Delivered
10156,6156,1,4917,2025-10-30,2025-10-30,Partial
10157,6157,1,7427,2026-03-05,2026-03-05,Partial
10158,6158,1,3748,2026-02-09,2026-02-09,Delivered
10159,6159,1,5012,2026-02-26,2026-02-26,Delivered
10160,6160,1,1830,2025-10-26,2025-10-26,Partial
10161,6161,1,5692,2025-10-29,2025-10-29,Partial
10162,6162,1,16028,2025-11-02,2025-11-02,Partial
10163,6163,1,4236,2025-10-13,2025-10-13,Delivered
10164,6164,1,6538,2025-10-22,2025-10-22,Delivered
10165,6165,1,5116,2025-10-18,2025-10-18,Partial
10166,6166,1,6798,2025-10-29,2025-10-29,Delivered
10167,6167,1,6514,2025-10-18,2025-10-18,Delivered
10168,6168,1,8056,2026-02-15,2026-02-15,Delivered
10169,6169,1,1638,2026-02-20,2026-02-20,Delivered
10170,6170,1,3328,2026-02-17,2026-02-17,Delivered
10171,6171,1,1649,2026-02-26,2026-02-26,Partial
10172,6172,1,2297,2026-02-26,2026-02-26,Delivered
10173,6173,1,1127,2025-10-18,2025-10-18,Delivered
10174,6174,1,6473,2025-10-31,2025-10-31,Delivered
10175,6175,1,7639,2025-10-23,2025-10-23,Partial
10176,6176,1,8551,2025-11-07,2025-11-07,Delivered
10177,6177,1,4587,2026-02-26,2026-02-26,Delivered
10178,6178,1,5491,2026-02-14,2026-02-14,Delivered
10179,6179,1,659,2026-02-24,2026-02-24,Delivered
10180,6180,1,1532,2026-02-25,2026-02-25,Partial
10181,6181,1,5642,2026-02-21,2026-02-21,Partial
10182,6182,1,2796,2026-02-16,2026-02-16,Partial
10183,6183,1,4117,2026-02-16,2026-02-17,Delivered
10184,6184,1,865,2026-02-25,2026-02-25,Delivered
10185,6185,1,12773,2025-10-29,2025-10-29,Delivered
10186,6186,1,8415,2025-10-18,2025-10-18,Delivered
10187,6187,1,2773,2025-10-17,2025-10-17,Partial
10188,6188,1,10341,2025-10-11,2025-10-11,Delivered
10189,6189,1,7482,2025-10-07,2025-10-07,Delivered
10190,6190,1,7422,2025-10-20,2025-10-20,Delivered
10191,6191,1,4743,2025-10-28,2025-10-28,Delivered
10192,6192,1,8464,2026-02-12,2026-02-12,Partial
10193,6193,1,6364,2026-03-11,2026-03-11,Delivered
10194,6194,1,8402,2026-03-07,2026-03-07,Partial
10195,6195,1,2702,2026-03-03,2026-03-03,Delivered
10196,6196,1,4943,2026-02-10,2026-02-10,Partial
10197,6197,1,1439,2026-02-28,2026-02-28,Partial
10198,6198,1,5178,2025-10-27,2025-10-27,Partial
10199,6199,1,5932,2025-11-04,2025-11-04,Delivered
10200,6200,1,1072,2025-10-23,2025-10-23,Partial
10201,6201,1,1396,2025-10-11,2025-10-11,Partial
10202,6202,1,3227,2025-10-12,2025-10-12,Delivered
10203,6203,1,7132,2026-03-07,2026-03-07,Partial
10204,6204,1,3999,2026-02-17,2026-02-22,Delivered
10205,6205,1,969,2026-02-09,2026-02-09,Delivered
10206,6206,1,1999,2026-02-18,2026-02-18,Delivered
10207,6207,1,3858,2026-02-19,2026-02-19,Partial
10208,6208,1,845,2025-10-27,2025-10-27,Delivered
10209,6209,1,7216,2025-11-05,2025-11-05,Delivered
10210,6210,1,2986,2025-10-26,2025-10-26,Delivered
10211,6211,1,3092,2025-10-18,2025-10-18,Partial
10212,6212,1,5010,2025-10-20,2025-10-20,Delivered
10213,6213,1,35,2025-10-30,2025-10-30,Lost
10214,6214,1,18814,2025-10-20,2025-10-20,Delivered
10215,6215,1,5268,2026-03-05,2026-03-05,Delivered
10216,6216,1,6158,2026-02-11,2026-02-11,Delivered
10217,6217,1,7224,2026-03-08,2026-03-08,Delivered
10218,6218,1,3870,2026-03-01,2026-03-01,Delivered
10219,6219,1,8400,2026-02-16,2026-02-16,Delivered
10220,6220,1,3105,2025-10-07,2025-10-07,Delivered
10221,6221,1,1949,2025-10-11,2025-10-11,Delivered
10222,6222,1,4864,2025-10-18,2025-10-18,Partial
10223,6223,1,2206,2026-02-19,2026-02-19,Partial
10224,6224,1,7794,2026-02-23,2026-02-26,Partial
10225,6225,1,15641,2026-02-28,2026-02-28,Delivered
10226,6226,1,6963,2026-03-01,2026-03-01,Delivered
10227,6227,1,1161,2026-03-07,2026-03-07,Delivered
10228,6228,1,3021,2026-02-18,2026-02-18,Delivered
10229,6229,1,6514,2025-10-17,2025-10-17,Delivered
10230,6230,1,7261,2025-10-20,2025-10-20,Delivered
10231,6231,1,4566,2025-10-31,2025-10-31,Delivered
10232,6232,1,1247,2025-10-28,2025-10-28,Delivered
10233,6233,1,7712,2026-02-18,2026-02-18,Delivered
10234,6234,1,8070,2026-02-16,2026-02-16,Partial
10235,6235,1,8066,2026-02-28,2026-02-28,Partial
10236,6236,1,7643,2026-02-12,2026-02-12,Partial
10237,6237,1,7544,2025-10-16,2025-10-16,Partial
10238,6238,1,2045,2025-10-30,2025-10-30,Delivered
10239,6239,1,6907,2025-10-15,2025-10-15,Delivered
10240,6240,1,2875,2025-11-04,2025-11-04,Delivered
10241,6241,1,2618,2025-10-16,2025-10-16,Delivered
10242,6242,1,12595,2025-11-02,2025-11-02,Delivered
10243,6243,1,2198,2026-03-02,2026-03-02,Delivered
10244,6244,1,6424,2026-02-20,2026-02-20,Delivered
10245,6245,1,4950,2026-02-14,2026-02-14,Partial
10246,6246,1,2482,2026-03-06,2026-03-06,Delivered
10247,6247,1,3890,2026-02-14,2026-02-14,Delivered
10248,6248,1,3525,2025-10-27,2025-10-27,Partial
10249,6249,1,5140,2025-10-09,2025-10-09,Delivered
10250,6250,1,7276,2025-10-24,2025-10-24,Partial
10251,6251,1,4492,2025-10-26,2025-10-26,Delivered
10252,6252,1,1666,2025-10-26,2025-10-26,Delivered
10253,6253,1,8378,2025-10-27,2025-10-27,Delivered
10254,6254,1,7943,2025-10-26,2025-10-26,Delivered
10255,6255,1,4548,2025-10-21,2025-10-21,Delivered
10256,6256,1,6586,2026-02-11,2026-02-11,Delivered
10257,6257,1,1923,2026-02-20,2026-02-20,Delivered
10258,6258,1,8737,2026-02-21,2026-02-21,Partial
10259,6259,1,6859,2026-02-16,2026-02-16,Partial
10260,6260,1,8738,2026-02-18,2026-02-18,Delivered
10261,6261,1,8517,2026-02-18,2026-02-18,Delivered
10262,6262,1,7079,2026-03-03,2026-03-03,Delivered
10263,6263,1,5275,2026-02-27,2026-02-27,Partial
10264,6264,1,1321,2025-10-20,2025-10-20,Delivered
10265,6265,1,4000,2025-11-01,2025-11-02,Delivered
10266,6266,1,6031,2025-10-16,2025-10-16,Delivered
10267,6267,1,4460,2026-02-11,2026-02-11,Delivered
10268,6268,1,8043,2026-02-24,2026-02-24,Partial
10269,6269,1,8487,2026-03-04,2026-03-04,Delivered
10270,6270,1,1913,2026-02-24,2026-02-24,Partial
10271,6271,1,8307,2025-11-04,2025-11-04,Partial
10272,6272,1,1663,2025-10-18,2025-10-18,Delivered
10273,6273,1,4992,2025-10-14,2025-10-14,Delivered
10274,6274,1,2569,2025-10-27,2025-10-27,Delivered
10275,6275,1,7199,2026-02-14,2026-02-14,Delivered
10276,6276,1,4408,2026-03-09,2026-03-09,Delivered
10277,6277,1,6029,2026-02-19,2026-02-19,Delivered
10278,6278,1,4921,2026-03-03,2026-03-03,Delivered
10279,6279,1,2330,2026-02-16,2026-02-16,Delivered
10280,6280,1,8074,2026-03-01,2026-03-01,Partial
10281,6281,1,6706,2026-02-09,2026-02-09,Partial
10282,6282,1,4890,2026-03-06,2026-03-06,Partial
10283,6283,1,2659,2025-10-16,2025-10-16,Delivered
10284,6284,1,6735,2025-10-12,2025-10-12,Delivered
10285,6285,1,7957,2025-10-10,2025-10-12,Delivered
10286,6286,1,6146,2025-11-05,2025-11-05,Partial
10287,6287,1,3696,2025-10-07,2025-10-07,Partial
10288,6288,1,1299,2025-10-29,2025-10-29,Delivered
10289,6289,1,3980,2025-10-18,2025-10-18,Partial
10290,6290,1,4060,2025-10-16,2025-10-16,Partial
10291,6291,1,1223,2026-02-13,2026-02-13,Partial
10292,6292,1,3036,2026-02-14,2026-02-14,Delivered
10293,6293,1,5780,2026-02-20,2026-02-20,Delivered
10294,6294,1,4251,2026-02-17,2026-02-17,Partial
10295,6295,1,2572,2026-02-22,2026-02-22,Delivered
10296,6296,1,5722,2026-03-06,2026-03-06,Delivered
10297,6297,1,1200,2026-02-27,2026-02-27,Delivered
10298,6298,1,8478,2026-02-22,2026-02-22,Partial
10299,6299,1,3630,2025-11-01,2025-11-01,Delivered
10300,6300,1,8627,2025-10-11,2025-10-11,Delivered
10301,6301,1,1871,2025-10-19,2025-10-23,Delivered
10302,6302,1,2426,2025-10-17,2025-10-18,Partial
10303,6303,1,1514,2025-10-25,2025-10-25,Delivered
10304,6304,1,6209,2025-11-04,2025-11-04,Delivered
10305,6305,1,7206,2026-02-08,2026-02-08,Delivered
10306,6306,1,5829,2026-03-01,2026-03-01,Partial
10307,6307,1,2134,2026-03-07,2026-03-07,Partial
10308,6308,1,768,2026-02-09,2026-02-09,Delivered
10309,6309,1,1056,2026-02-26,2026-02-26,Delivered
10310,6310,1,420,2025-10-24,2025-10-24,Lost
10311,6311,1,5161,2025-10-30,2025-10-30,Delivered
10312,6312,1,8471,2025-10-22,2025-10-22,Delivered
10313,6313,1,956,2025-10-24,2025-10-24,Partial
10314,6314,1,5746,2026-02-27,2026-02-27,Partial
10315,6315,1,13663,2026-03-02,2026-03-02,Delivered
10316,6316,1,1044,2026-02-18,2026-02-18,Lost
10317,6317,1,699,2026-03-04,2026-03-04,Delivered
10318,6318,1,1139,2025-11-05,2025-11-05,Delivered
10319,6319,1,18478,2025-10-30,2025-10-30,Delivered
10320,6320,1,3161,2025-10-15,2025-10-15,Delivered
10321,6321,1,4390,2025-10-25,2025-10-25,Partial
10322,6322,1,7736,2025-10-26,2025-10-26,Delivered
10323,6323,1,8806,2025-10-17,2025-10-17,Delivered
10324,6324,1,4500,2025-10-11,2025-10-11,Partial
10325,6325,1,872,2026-02-19,2026-02-19,Partial
10326,6326,1,2889,2026-02-10,2026-02-10,Partial
10327,6327,1,2311,2026-02-21,2026-02-21,Partial
10328,6328,1,3077,2026-02-21,2026-02-21,Partial
10329,6329,1,3854,2025-10-09,2025-10-09,Delivered
10330,6330,1,4794,2025-10-31,2025-10-31,Partial
10331,6331,1,770,2025-10-18,2025-10-18,Partial
10332,6332,1,23346,2026-02-19,2026-02-19,Delivered
10333,6333,1,14376,2026-02-17,2026-02-17,Partial
10334,6334,1,3040,2026-02-19,2026-02-19,Delivered
10335,6335,1,970,2026-02-08,2026-02-08,Delivered
10336,6336,1,4733,2025-10-14,2025-10-14,Partial
10337,6337,1,4951,2025-10-12,2025-10-12,Partial
10338,6338,1,2258,2025-10-19,2025-10-19,Delivered
10339,6339,1,3462,2025-10-21,2025-10-21,Delivered
10340,6340,1,2326,2025-10-20,2025-10-20,Partial
10341,6341,1,2587,2025-10-15,2025-10-15,Delivered
10342,6342,1,6437,2025-10-31,2025-10-31,Delivered
10343,6343,1,4928,2025-10-22,2025-10-22,Partial
10344,6344,1,8288,2026-02-11,2026-02-11,Partial
10345,6345,1,8097,2026-02-23,2026-02-23,Partial
10346,6346,1,2491,2026-02-16,2026-02-16,Delivered
10347,6347,1,8399,2026-02-14,2026-02-14,Delivered
10348,6348,1,7026,2025-10-27,2025-10-30,Delivered
10349,6349,1,897,2025-10-09,2025-10-09,Delivered
10350,6350,1,4875,2025-11-03,2025-11-03,Delivered
10351,6351,1,4468,2025-10-19,2025-10-19,Delivered
10352,6352,1,8155,2025-10-23,2025-10-23,Delivered
10353,6353,1,999,2025-10-14,2025-10-14,Delivered
10354,6354,1,6192,2025-11-04,2025-11-04,Delivered
10355,6355,1,1982,2026-02-18,2026-02-18,Partial
10356,6356,1,5271,2026-02-12,2026-02-12,Delivered
10357,6357,1,4772,2026-02-12,2026-02-12,Partial
10358,6358,1,2143,2026-02-14,2026-02-14,Delivered
10359,6359,1,1468,2026-03-01,2026-03-01,Delivered
10360,6360,1,1334,2026-03-01,2026-03-01,Delivered
10361,6361,1,4386,2026-02-15,2026-02-15,Delivered
10362,6362,1,7252,2026-02-22,2026-02-22,Delivered
10363,6363,1,6746,2025-10-19,2025-10-19,Partial
10364,6364,1,12545,2025-10-19,2025-10-19,Delivered
10365,6365,1,3135,2025-10-24,2025-10-24,Delivered
10366,6366,1,3025,2025-10-23,2025-10-23,Delivered
10367,6367,1,6465,2025-10-21,2025-10-21,Delivered
10368,6368,1,1649,2026-02-10,2026-02-10,Delivered
10369,6369,1,5721,2026-02-28,2026-02-28,Delivered
10370,6370,1,2373,2026-03-02,2026-03-02,Delivered
10371,6371,1,6489,2026-02-23,2026-02-23,Delivered
10372,6372,1,3019,2026-02-16,2026-02-16,Delivered
10373,6373,1,903,2026-02-22,2026-02-22,Partial
10374,6374,1,6836,2026-02-16,2026-02-16,Delivered
10375,6375,1,4220,2026-03-02,2026-03-02,Delivered
10376,6376,1,6952,2025-10-17,2025-10-17,Delivered
10377,6377,1,12644,2025-10-09,2025-10-11,Partial
10378,6378,1,1606,2025-10-14,2025-10-14,Delivered
10379,6379,1,1757,2026-02-14,2026-02-14,Delivered
10380,6380,1,1170,2026-02-24,2026-02-24,Delivered
10381,6381,1,1125,2026-03-03,2026-03-03,Partial
10382,6382,1,7636,2026-02-22,2026-02-22,Delivered
10383,6383,1,4780,2026-02-17,2026-02-17,Delivered
10384,6384,1,1515,2025-10-29,2025-10-29,Delivered
10385,6385,1,2760,2025-10-24,2025-10-24,Partial
10386,6386,1,7304,2025-11-02,2025-11-02,Delivered
10387,6387,1,7996,2026-02-09,2026-02-09,Delivered
10388,6388,1,133,2026-02-10,2026-02-15,Lost
10389,6389,1,2726,2026-02-20,2026-02-20,Delivered
10390,6390,1,4468,2025-10-30,2025-10-30,Delivered
10391,6391,1,4998,2025-11-07,2025-11-07,Delivered
10392,6392,1,3428,2025-10-16,2025-10-16,Partial
10393,6393,1,1420,2025-10-18,2025-10-18,Delivered
10394,6394,1,1060,2025-10-25,2025-10-25,Delivered
10395,6395,1,4477,2025-10-15,2025-10-15,Delivered
10396,6396,1,6090,2025-10-29,2025-10-29,Partial
10397,6397,1,15031,2026-02-23,2026-02-23,Delivered
10398,6398,1,2158,2026-03-01,2026-03-01,Delivered
10399,6399,1,1463,2026-02-21,2026-02-21,Delivered
10400,6400,1,2431,2025-11-05,2025-11-05,Delivered
10401,6401,1,4285,2025-10-12,2025-10-12,Delivered
10402,6402,1,1797,2025-10-13,2025-10-13,Delivered
10403,6403,1,1460,2025-10-13,2025-10-13,Delivered
10404,6404,1,1502,2025-11-06,2025-11-06,Delivered
10405,6405,1,7832,2025-11-04,2025-11-04,Partial
10406,6406,1,879,2025-11-03,2025-11-03,Delivered
10407,6407,1,8406,2025-10-11,2025-10-11,Delivered
10408,6408,1,2663,2026-02-10,2026-02-10,Partial
10409,6409,1,8786,2026-02-14,2026-02-14,Delivered
10410,6410,1,4225,2026-02-09,2026-02-09,Delivered
10411,6411,1,5770,2026-02-26,2026-02-26,Delivered
10412,6412,1,10418,2026-03-02,2026-03-02,Delivered
10413,6413,1,2695,2026-03-04,2026-03-04,Delivered
10414,6414,1,3036,2026-02-16,2026-02-16,Delivered
10415,6415,1,13400,2026-02-14,2026-02-14,Partial
10416,6416,1,6747,2025-10-28,2025-10-28,Delivered
10417,6417,1,6020,2025-10-15,2025-10-15,Delivered
10418,6418,1,5157,2025-10-18,2025-10-18,Delivered
10419,6419,1,54,2025-10-15,2025-10-15,Lost
10420,6420,1,1980,2025-10-11,2025-10-11,Delivered
10421,6421,1,7340,2026-02-17,2026-02-17,Delivered
10422,6422,1,4232,2026-02-20,2026-02-20,Delivered
10423,6423,1,4393,2026-02-28,2026-02-28,Delivered
10424,6424,1,4958,2026-02-18,2026-02-18,Delivered
10425,6425,1,5280,2026-03-02,2026-03-02,Delivered
10426,6426,1,8003,2026-02-26,2026-02-26,Delivered
10427,6427,1,8844,2026-02-15,2026-02-15,Delivered
10428,6428,1,2565,2026-02-20,2026-02-20,Partial
10429,6429,1,5408,2025-10-14,2025-10-14,Delivered
10430,6430,1,6074,2025-10-15,2025-10-15,Delivered
10431,6431,1,4346,2025-10-14,2025-10-14,Delivered
10432,6432,1,7487,2025-11-01,2025-11-01,Partial
10433,6433,1,20272,2025-10-23,2025-10-23,Delivered
10434,6434,1,4705,2025-10-20,2025-10-20,Delivered
10435,6435,1,1123,2025-10-19,2025-10-19,Partial
10436,6436,1,6656,2026-03-03,2026-03-03,Partial
10437,6437,1,3787,2026-02-20,2026-02-20,Delivered
10438,6438,1,861,2026-03-09,2026-03-09,Delivered
10439,6439,1,7399,2026-02-10,2026-02-10,Delivered
10440,6440,1,5863,2026-02-09,2026-02-09,Partial
10441,6441,1,2426,2026-02-27,2026-02-27,Partial
10442,6442,1,7197,2026-02-26,2026-02-26,Partial
10443,6443,1,1694,2026-02-27,2026-02-27,Partial
10444,6444,1,5164,2025-10-20,2025-10-20,Delivered
10445,6445,1,8851,2025-10-12,2025-10-12,Delivered
10446,6446,1,2025,2025-10-17,2025-10-17,Partial
10447,6447,1,7587,2026-02-27,2026-02-27,Delivered
10448,6448,1,6246,2026-02-22,2026-02-22,Delivered
10449,6449,1,1196,2026-02-23,2026-02-25,Delivered
10450,6450,1,3093,2026-02-27,2026-02-27,Delivered
10451,6451,1,5119,2026-02-23,2026-02-23,Partial
10452,6452,1,3517,2025-10-31,2025-10-31,Delivered
10453,6453,1,3807,2025-10-24,2025-10-24,Delivered
10454,6454,1,5416,2025-10-31,2025-11-01,Delivered
10455,6455,1,1088,2026-02-22,2026-02-22,Partial
10456,6456,1,2134,2026-02-06,2026-02-06,Delivered
10457,6457,1,826,2026-02-21,2026-02-21,Delivered
10458,6458,1,3013,2026-02-21,2026-02-21,Delivered
10459,6459,1,4471,2026-03-06,2026-03-06,Delivered
10460,6460,1,2273,2025-10-30,2025-10-30,Delivered
10461,6461,1,5637,2025-10-10,2025-10-10,Delivered
10462,6462,1,3687,2025-10-26,2025-10-26,Delivered
10463,6463,1,2906,2025-10-20,2025-10-20,Delivered
10464,6464,1,8488,2025-10-17,2025-10-17,Delivered
10465,6465,1,4908,2025-10-15,2025-10-15,Delivered
10466,6466,1,877,2026-03-05,2026-03-05,Partial
10467,6467,1,58,2026-02-12,2026-02-12,Lost
10468,6468,1,5095,2026-02-22,2026-02-22,Partial
10469,6469,1,6463,2025-10-16,2025-10-22,Delivered
10470,6470,1,1326,2025-10-17,2025-10-17,Delivered
10471,6471,1,8265,2025-10-25,2025-10-25,Delivered
10472,6472,1,1073,2025-10-21,2025-10-21,Delivered
10473,6473,1,6115,2025-10-15,2025-10-15,Partial
10474,6474,1,21912,2026-03-01,2026-03-01,Delivered
10475,6475,1,6287,2026-02-21,2026-02-21,Delivered
10476,6476,1,5245,2026-03-08,2026-03-08,Delivered
10477,6477,1,9159,2026-03-10,2026-03-10,Delivered
10478,6478,1,4107,2025-10-27,2025-10-27,Delivered
10479,6479,1,7020,2025-10-26,2025-10-26,Delivered
10480,6480,1,694,2025-10-31,2025-10-31,Delivered
10481,6481,1,5460,2025-11-03,2025-11-03,Partial
10482,6482,1,2738,2026-02-20,2026-02-20,Delivered
10483,6483,1,2222,2026-02-24,2026-02-24,Delivered
10484,6484,1,6691,2026-02-09,2026-02-09,Partial
10485,6485,1,8379,2026-02-15,2026-02-15,Delivered
10486,6486,1,7695,2026-02-27,2026-02-27,Partial
10487,6487,1,5756,2026-03-03,2026-03-03,Delivered
10488,6488,1,6073,2026-02-23,2026-02-23,Delivered
10489,6489,1,4661,2026-03-01,2026-03-01,Delivered
10490,6490,1,3313,2025-10-19,2025-10-19,Delivered
10491,6491,1,3224,2025-10-18,2025-10-18,Delivered
10492,6492,1,15952,2025-10-15,2025-10-15,Delivered
10493,6493,1,8102,2025-10-11,2025-10-11,Delivered
10494,6494,1,4287,2026-02-19,2026-02-19,Delivered
10495,6495,1,2659,2026-02-18,2026-02-18,Delivered
10496,6496,1,4649,2026-02-12,2026-02-12,Partial
10497,6497,1,4230,2026-02-17,2026-02-17,Delivered
10498,6498,1,2065,2026-02-11,2026-02-11,Partial
10499,6499,1,6544,2026-02-14,2026-02-14,Delivered
10500,6500,1,2587,2025-10-13,2025-10-13,Delivered
10501,6501,1,8390,2025-10-17,2025-10-17,Delivered
10502,6502,1,2035,2025-10-29,2025-10-29,Partial
10503,6503,1,5658,2025-10-20,2025-10-20,Partial
10504,6504,1,3007,2025-10-27,2025-10-27,Delivered
10505,6505,1,2932,2025-10-16,2025-10-16,Delivered
10506,6506,1,1831,2025-10-17,2025-10-17,Partial
10507,6507,1,3300,2026-02-08,2026-02-08,Partial
10508,6508,1,6367,2026-02-12,2026-02-12,Delivered
10509,6509,1,6470,2026-02-27,2026-02-27,Partial
10510,6510,1,3059,2026-02-26,2026-02-26,Partial
10511,6511,1,1131,2025-10-26,2025-10-26,Partial
10512,6512,1,7174,2025-10-13,2025-10-13,Partial
10513,6513,1,4395,2025-10-15,2025-10-15,Partial
10514,6514,1,6223,2026-02-08,2026-02-08,Partial
10515,6515,1,6183,2026-02-28,2026-02-28,Delivered
10516,6516,1,8832,2026-02-24,2026-02-24,Partial
10517,6517,1,816,2026-02-15,2026-02-15,Delivered
10518,6518,1,9902,2026-02-16,2026-02-16,Delivered
10519,6519,1,5251,2026-02-21,2026-02-21,Delivered
10520,6520,1,77,2026-02-27,2026-02-27,Lost
10521,6521,1,1391,2026-02-16,2026-02-16,Delivered
10522,6522,1,11054,2025-10-29,2025-10-29,Partial
10523,6523,1,6942,2025-10-11,2025-10-11,Delivered
10524,6524,1,5882,2025-10-13,2025-10-13,Partial
10525,6525,1,1936,2025-10-25,2025-10-25,Partial
10526,6526,1,7973,2025-11-01,2025-11-01,Partial
10527,6527,1,3446,2025-10-28,2025-10-28,Delivered
10528,6528,1,2858,2025-10-23,2025-10-23,Delivered
10529,6529,1,10102,2025-10-09,2025-10-09,Partial
10530,6530,1,2511,2026-03-09,2026-03-09,Delivered
10531,6531,1,5546,2026-03-01,2026-03-01,Delivered
10532,6532,1,5028,2026-03-02,2026-03-02,Delivered
10533,6533,1,1375,2026-03-04,2026-03-04,Delivered
10534,6534,1,4186,2026-02-28,2026-02-28,Delivered
10535,6535,1,8579,2026-03-06,2026-03-06,Delivered
10536,6536,1,3253,2026-03-08,2026-03-08,Delivered
10537,6537,1,15524,2025-10-17,2025-10-17,Delivered
10538,6538,1,9701,2025-11-01,2025-11-01,Partial
10539,6539,1,8664,2025-10-18,2025-10-18,Delivered
10540,6540,1,1373,2025-11-02,2025-11-02,Delivered
10541,6541,1,2600,2026-02-13,2026-02-13,Delivered
10542,6542,1,4848,2026-03-04,2026-03-04,Partial
10543,6543,1,6200,2026-02-14,2026-02-14,Delivered
10544,6544,1,6676,2026-02-15,2026-02-15,Delivered
10545,6545,1,6170,2025-10-30,2025-10-30,Delivered
10546,6546,1,3208,2025-10-27,2025-10-27,Delivered
10547,6547,1,21455,2025-10-28,2025-10-28,Delivered
10548,6548,1,5999,2025-10-31,2025-10-31,Partial
10549,6549,1,6103,2025-10-25,2025-10-25,Delivered
10550,6550,1,2852,2026-02-22,2026-02-22,Delivered
10551,6551,1,20463,2026-02-08,2026-02-08,Delivered
10552,6552,1,4273,2026-02-19,2026-02-19,Delivered
10553,6553,1,7746,2026-02-26,2026-02-26,Partial
10554,6554,1,4544,2026-02-16,2026-02-16,Delivered
10555,6555,1,2925,2026-03-02,2026-03-02,Delivered
10556,6556,1,6257,2026-02-14,2026-02-14,Delivered
10557,6557,1,8753,2025-10-25,2025-10-25,Delivered
10558,6558,1,642,2025-10-16,2025-10-16,Partial
10559,6559,1,7924,2025-10-12,2025-10-12,Delivered
10560,6560,1,6225,2025-10-22,2025-10-22,Partial
10561,6561,1,8422,2025-10-06,2025-10-06,Delivered
10562,6562,1,651,2025-10-31,2025-10-31,Delivered
10563,6563,1,3153,2025-10-30,2025-10-30,Delivered
10564,6564,1,5227,2025-11-02,2025-11-02,Delivered
10565,6565,1,3424,2026-03-04,2026-03-04,Delivered
10566,6566,1,406,2026-03-02,2026-03-02,Lost
10567,6567,1,3674,2026-02-11,2026-02-11,Delivered
10568,6568,1,8076,2026-02-19,2026-02-19,Delivered
10569,6569,1,4667,2025-10-27,2025-10-27,Partial
10570,6570,1,8832,2025-10-25,2025-10-25,Delivered
10571,6571,1,5143,2025-10-23,2025-10-23,Delivered
10572,6572,1,8883,2026-02-25,2026-02-25,Delivered
10573,6573,1,8743,2026-02-06,2026-02-06,Delivered
10574,6574,1,6562,2026-02-23,2026-02-23,Delivered
10575,6575,1,4285,2026-02-16,2026-02-16,Delivered
10576,6576,1,2599,2026-03-05,2026-03-05,Delivered
10577,6577,1,921,2026-03-02,2026-03-02,Delivered
10578,6578,1,5670,2026-02-26,2026-02-26,Delivered
10579,6579,1,4622,2025-10-13,2025-10-13,Delivered
10580,6580,1,4320,2025-10-24,2025-10-24,Delivered
10581,6581,1,1197,2025-10-29,2025-10-29,Delivered
10582,6582,1,7276,2025-10-12,2025-10-12,Delivered
10583,6583,1,2529,2026-02-28,2026-02-28,Delivered
10584,6584,1,3128,2026-03-08,2026-03-08,Partial
10585,6585,1,18230,2026-02-20,2026-02-20,Partial
10586,6586,1,3911,2025-10-14,2025-10-14,Delivered
10587,6587,1,3521,2025-10-12,2025-10-12,Delivered
10588,6588,1,1834,2025-10-30,2025-10-30,Delivered
10589,6589,1,1779,2025-10-16,2025-10-16,Delivered
10590,6590,1,3140,2025-10-07,2025-10-07,Delivered
10591,6591,1,828,2026-02-24,2026-02-24,Partial
10592,6592,1,3788,2026-02-24,2026-02-24,Partial
10593,6593,1,2247,2026-02-28,2026-02-28,Partial
10594,6594,1,1077,2026-03-09,2026-03-09,Delivered
10595,6595,1,3409,2025-10-19,2025-10-19,Delivered
10596,6596,1,6784,2025-10-21,2025-10-21,Delivered
10597,6597,1,10612,2025-10-13,2025-10-13,Partial
10598,6598,1,2145,2025-10-24,2025-10-24,Delivered
10599,6599,1,2573,2026-02-28,2026-02-28,Delivered
10600,6600,1,11011,2026-02-10,2026-02-10,Delivered
10601,6601,1,12035,2026-02-14,2026-02-14,Delivered
10602,6602,1,6567,2026-03-08,2026-03-08,Delivered
10603,6603,1,3743,2026-03-03,2026-03-03,Delivered
10604,6604,1,6243,2026-03-06,2026-03-06,Delivered
10605,6605,1,5318,2026-02-28,2026-02-28,Delivered
10606,6606,1,1988,2025-10-13,2025-10-13,Delivered
10607,6607,1,2339,2025-10-13,2025-10-13,Delivered
10608,6608,1,2636,2025-10-27,2025-10-27,Partial
10609,6609,1,4299,2025-10-26,2025-10-26,Delivered
10610,6610,1,8223,2025-10-17,2025-10-17,Partial
10611,6611,1,1068,2025-10-31,2025-10-31,Partial
10612,6612,1,8447,2025-10-22,2025-10-22,Delivered
10613,6613,1,19068,2025-10-25,2025-10-25,Partial
10614,6614,1,2496,2026-03-03,2026-03-03,Delivered
10615,6615,1,6274,2026-02-25,2026-02-25,Partial
10616,6616,1,5978,2026-02-25,2026-02-25,Delivered
10617,6617,1,2266,2026-02-20,2026-02-20,Partial
10618,6618,1,5811,2026-02-19,2026-02-19,Delivered
10619,6619,1,1097,2026-02-17,2026-02-17,Delivered
10620,6620,1,7556,2026-02-21,2026-02-21,Delivered
10621,6621,1,5166,2026-02-11,2026-02-11,Delivered
10622,6622,1,7067,2025-10-18,2025-10-18,Delivered
10623,6623,1,6914,2025-10-29,2025-10-29,Delivered
10624,6624,1,944,2025-11-02,2025-11-02,Delivered
10625,6625,1,4950,2025-10-25,2025-10-25,Delivered
10626,6626,1,3680,2025-11-01,2025-11-01,Partial
10627,6627,1,6149,2026-02-19,2026-02-19,Partial
10628,6628,1,5669,2026-02-12,2026-02-12,Partial
10629,6629,1,564,2026-02-11,2026-02-11,Lost
10630,6630,1,8275,2026-03-04,2026-03-04,Delivered
10631,6631,1,7535,2026-02-18,2026-02-18,Partial
10632,6632,1,4890,2026-03-07,2026-03-07,Partial
10633,6633,1,2195,2026-03-04,2026-03-04,Delivered
10634,6634,1,1405,2025-10-31,2025-10-31,Delivered
10635,6635,1,7278,2025-11-01,2025-11-01,Partial
10636,6636,1,3835,2025-10-27,2025-10-27,Delivered
10637,6637,1,1141,2025-10-13,2025-10-13,Delivered
10638,6638,1,5901,2025-10-21,2025-10-21,Partial
10639,6639,1,4248,2025-10-17,2025-10-17,Partial
10640,6640,1,2195,2026-02-28,2026-02-28,Delivered
10641,6641,1,7946,2026-02-11,2026-02-11,Delivered
10642,6642,1,1177,2026-02-19,2026-02-19,Delivered
10643,6643,1,3179,2026-02-15,2026-02-15,Partial
10644,6644,1,4659,2026-02-13,2026-02-13,Partial
10645,6645,1,13204,2025-10-23,2025-10-23,Partial
10646,6646,1,5998,2025-10-24,2025-10-24,Delivered
10647,6647,1,1202,2025-10-13,2025-10-17,Delivered
10648,6648,1,6450,2025-10-08,2025-10-08,Partial
10649,6649,1,6505,2025-10-19,2025-10-19,Delivered
10650,6650,1,3051,2025-10-19,2025-10-19,Partial
10651,6651,1,2917,2025-10-13,2025-10-13,Partial
10652,6652,1,5996,2025-10-20,2025-10-20,Delivered
10653,6653,1,3238,2026-03-04,2026-03-04,Delivered
10654,6654,1,4542,2026-02-20,2026-02-20,Delivered
10655,6655,1,1633,2026-02-25,2026-02-25,Delivered
10656,6656,1,4861,2025-10-31,2025-10-31,Delivered
10657,6657,1,3465,2025-10-12,2025-10-12,Delivered
10658,6658,1,4622,2025-10-19,2025-10-19,Partial
10659,6659,1,4060,2025-11-01,2025-11-01,Partial
10660,6660,1,1735,2025-11-01,2025-11-01,Delivered
10661,6661,1,3869,2025-10-30,2025-10-30,Partial
10662,6662,1,4176,2025-10-28,2025-10-28,Delivered
10663,6663,1,1475,2025-10-21,2025-10-21,Delivered
10664,6664,1,2085,2026-03-03,2026-03-03,Delivered
10665,6665,1,3282,2026-02-14,2026-02-14,Delivered
10666,6666,1,6115,2026-02-20,2026-02-20,Delivered
10667,6667,1,6577,2026-02-22,2026-02-22,Partial
10668,6668,1,4742,2026-02-16,2026-02-16,Delivered
10669,6669,1,4645,2026-02-27,2026-03-03,Delivered
10670,6670,1,940,2026-02-24,2026-02-24,Delivered
10671,6671,1,990,2026-02-18,2026-02-18,Partial
10672,6672,1,6464,2025-10-25,2025-10-25,Delivered
10673,6673,1,4542,2025-10-07,2025-10-07,Delivered
10674,6674,1,2656,2025-10-17,2025-10-17,Delivered
10675,6675,1,19730,2025-10-19,2025-10-19,Delivered
10676,6676,1,3163,2025-10-16,2025-10-16,Partial
10677,6677,1,5968,2025-10-18,2025-10-18,Delivered
10678,6678,1,5211,2026-02-28,2026-02-28,Delivered
10679,6679,1,1665,2026-02-19,2026-02-19,Delivered
10680,6680,1,16066,2026-02-20,2026-02-20,Delivered
10681,6681,1,8146,2026-02-21,2026-02-21,Delivered
10682,6682,1,6257,2026-02-18,2026-02-18,Delivered
10683,6683,1,9211,2026-02-23,2026-02-23,Partial
10684,6684,1,4267,2026-02-25,2026-02-25,Partial
10685,6685,1,2693,2025-10-25,2025-10-25,Partial
10686,6686,1,5284,2025-11-04,2025-11-06,Delivered
10687,6687,1,850,2025-10-22,2025-10-22,Partial
10688,6688,1,7840,2025-10-27,2025-10-27,Delivered
10689,6689,1,4890,2026-02-28,2026-02-28,Partial
10690,6690,1,2864,2026-02-15,2026-02-15,Delivered
10691,6691,1,7511,2026-02-10,2026-02-10,Partial
10692,6692,1,4189,2026-02-21,2026-02-21,Delivered
10693,6693,1,5181,2026-03-02,2026-03-02,Delivered
10694,6694,1,12193,2025-10-24,2025-10-24,Partial
10695,6695,1,8779,2025-10-22,2025-10-22,Delivered
10696,6696,1,8731,2025-10-19,2025-10-19,Partial
10697,6697,1,6885,2025-10-24,2025-10-24,Delivered
10698,6698,1,3110,2025-10-25,2025-10-25,Delivered
10699,6699,1,2299,2025-10-10,2025-10-10,Delivered
10700,6700,1,7748,2025-11-02,2025-11-02,Partial
10701,6701,1,7394,2025-11-01,2025-11-01,Delivered
10702,6702,1,1063,2026-03-05,2026-03-05,Partial
10703,6703,1,8097,2026-03-02,2026-03-02,Partial
10704,6704,1,15649,2026-02-13,2026-02-13,Delivered
10705,6705,1,6323,2026-02-24,2026-02-24,Delivered
10706,6706,1,6526,2026-02-24,2026-02-24,Partial
10707,6707,1,7929,2025-11-05,2025-11-05,Partial
10708,6708,1,2637,2025-11-04,2025-11-04,Delivered
10709,6709,1,4513,2025-10-18,2025-10-18,Delivered
10710,6710,1,4778,2025-11-04,2025-11-04,Partial
10711,6711,1,2442,2026-02-12,2026-02-12,Partial
10712,6712,1,4852,2026-03-05,2026-03-05,Delivered
10713,6713,1,1593,2026-02-27,2026-02-27,Delivered
10714,6714,1,4284,2026-03-04,2026-03-04,Delivered
10715,6715,1,5601,2026-02-21,2026-02-21,Delivered
10716,6716,1,6898,2026-02-15,2026-02-15,Delivered
10717,6717,1,8254,2026-03-06,2026-03-06,Partial
10718,6718,1,2088,2025-10-14,2025-10-14,Delivered
10719,6719,1,1723,2025-10-13,2025-10-13,Partial
10720,6720,1,3704,2025-10-11,2025-10-11,Delivered
10721,6721,1,4428,2026-02-08,2026-02-08,Delivered
10722,6722,1,6162,2026-02-17,2026-02-17,Partial
10723,6723,1,5565,2026-02-24,2026-02-24,Partial
10724,6724,1,3133,2026-02-13,2026-02-13,Delivered
10725,6725,1,6132,2026-02-15,2026-02-15,Delivered
10726,6726,2,7731,2025-10-11,2025-10-11,Partial
10727,6727,2,5046,2025-10-29,2025-10-29,Delivered
10728,6728,2,6906,2025-10-23,2025-10-23,Partial
10729,6729,2,6957,2026-02-26,2026-02-26,Delivered
10730,6730,2,723,2026-02-15,2026-02-15,Delivered
10731,6731,2,5919,2026-02-24,2026-02-24,Partial
10732,6732,2,7585,2026-02-11,2026-02-11,Partial
10733,6733,2,8448,2026-02-11,2026-02-11,Partial
10734,6734,2,8645,2026-02-16,2026-02-16,Partial
10735,6735,2,813,2026-02-28,2026-02-28,Partial
10736,6736,2,3149,2025-11-01,2025-11-01,Partial
10737,6737,2,7417,2025-10-11,2025-10-17,Partial
10738,6738,2,1726,2025-10-21,2025-10-21,Partial
10739,6739,2,2377,2025-10-09,2025-10-09,Partial
10740,6740,2,7642,2025-10-29,2025-10-29,Partial
10741,6741,2,661,2025-10-13,2025-10-13,Partial
10742,6742,2,5826,2025-10-24,2025-10-24,Delivered
10743,6743,2,7294,2026-02-20,2026-02-20,Partial
10744,6744,2,6225,2026-03-09,2026-03-09,Delivered
10745,6745,2,4771,2026-02-12,2026-02-12,Delivered
10746,6746,2,6655,2026-02-17,2026-02-17,Delivered
10747,6747,2,697,2025-10-19,2025-10-19,Delivered
10748,6748,2,6487,2025-10-22,2025-10-22,Partial
10749,6749,2,4033,2025-10-19,2025-10-19,Partial
10750,6750,2,4372,2025-10-25,2025-10-25,Partial
10751,6751,2,8193,2025-11-03,2025-11-03,Delivered
10752,6752,2,2006,2025-10-13,2025-10-13,Partial
10753,6753,2,8220,2025-10-07,2025-10-07,Partial
10754,6754,2,1564,2025-10-09,2025-10-09,Partial
10755,6755,2,2363,2026-03-04,2026-03-04,Delivered
10756,6756,2,1618,2026-03-05,2026-03-05,Delivered
10757,6757,2,1835,2026-03-07,2026-03-07,Partial
10758,6758,2,5711,2025-10-30,2025-10-30,Partial
10759,6759,2,8465,2025-10-06,2025-10-06,Partial
10760,6760,2,6129,2025-10-14,2025-10-14,Partial
10761,6761,2,8638,2026-02-08,2026-02-08,Partial
10762,6762,2,4482,2026-02-23,2026-02-23,Delivered
10763,6763,2,3876,2026-02-16,2026-02-16,Partial
10764,6764,2,3318,2026-02-13,2026-02-13,Partial
10765,6765,2,1909,2026-02-25,2026-02-25,Partial
10766,6766,2,5198,2026-03-03,2026-03-03,Partial
10767,6767,2,4225,2026-02-27,2026-02-27,Partial
10768,6768,2,7064,2026-02-12,2026-02-12,Partial
10769,6769,2,5804,2025-10-15,2025-10-15,Partial
10770,6770,2,2990,2025-10-22,2025-10-22,Partial
10771,6771,2,2451,2025-10-11,2025-10-11,Delivered
10772,6772,2,4980,2026-02-15,2026-02-15,Delivered
10773,6773,2,22266,2026-03-04,2026-03-04,Partial
10774,6774,2,1894,2026-02-21,2026-02-21,Partial
10775,6775,2,10,2026-02-27,2026-02-27,Lost
10776,6776,2,4329,2026-02-14,2026-02-14,Partial
10777,6777,2,2337,2026-03-01,2026-03-01,Partial
10778,6778,2,6056,2025-10-27,2025-10-27,Partial
10779,6779,2,2086,2025-10-21,2025-10-21,Delivered
10780,6780,2,10268,2025-10-22,2025-10-22,Partial
10781,6781,2,4329,2025-10-18,2025-10-23,Partial
10782,6782,2,11032,2025-10-18,2025-10-18,Partial
10783,6783,2,4202,2025-10-16,2025-10-16,Partial
10784,6784,2,8511,2025-10-23,2025-10-23,Partial
10785,6785,2,105,2025-10-31,2025-10-31,Lost
10786,6786,2,7675,2026-02-24,2026-02-24,Partial
10787,6787,2,1720,2026-02-18,2026-02-18,Partial
10788,6788,2,7273,2026-02-28,2026-02-28,Delivered
10789,6789,2,782,2026-03-02,2026-03-02,Delivered
10790,6790,2,5865,2026-02-23,2026-02-23,Partial
10791,6791,2,4109,2026-02-25,2026-02-25,Partial
10792,6792,2,2359,2026-02-17,2026-02-17,Partial
10793,6793,2,3390,2025-10-15,2025-10-15,Partial
10794,6794,2,5754,2025-11-08,2025-11-08,Partial
10795,6795,2,2248,2025-10-26,2025-10-26,Delivered
10796,6796,2,5768,2025-10-20,2025-10-20,Partial
10797,6797,2,4640,2025-10-13,2025-10-13,Partial
10798,6798,2,8057,2025-10-30,2025-10-30,Partial
10799,6799,2,1388,2025-10-21,2025-10-21,Partial
10800,6800,2,3383,2026-02-27,2026-02-27,Partial
10801,6801,2,5722,2026-02-15,2026-02-15,Partial
10802,6802,2,6569,2026-02-20,2026-02-20,Delivered
10803,6803,2,8267,2025-10-19,2025-10-19,Partial
10804,6804,2,5412,2025-10-16,2025-10-16,Delivered
10805,6805,2,4129,2025-10-28,2025-10-28,Partial
10806,6806,2,1071,2025-10-19,2025-10-19,Partial
10807,6807,2,5169,2025-10-11,2025-10-11,Partial
10808,6808,2,7903,2025-10-21,2025-10-21,Partial
10809,6809,2,7820,2026-02-24,2026-02-24,Partial
10810,6810,2,758,2026-02-19,2026-02-19,Lost
10811,6811,2,3400,2026-02-16,2026-02-16,Partial
10812,6812,2,5642,2026-02-24,2026-02-24,Partial
10813,6813,2,4185,2026-02-28,2026-02-28,Partial
10814,6814,2,1191,2025-10-17,2025-10-17,Partial
10815,6815,2,4632,2025-10-26,2025-10-26,Delivered
10816,6816,2,3169,2025-10-29,2025-10-29,Partial
10817,6817,2,1472,2025-10-06,2025-10-06,Partial
10818,6818,2,3605,2025-11-03,2025-11-03,Partial
10819,6819,2,2051,2025-10-17,2025-10-17,Delivered
10820,6820,2,1860,2026-02-28,2026-02-28,Partial
10821,6821,2,7218,2026-02-11,2026-02-11,Partial
10822,6822,2,1909,2026-03-03,2026-03-03,Partial
10823,6823,2,5634,2026-02-18,2026-02-18,Partial
10824,6824,2,8211,2025-10-24,2025-10-24,Partial
10825,6825,2,7954,2025-10-27,2025-11-01,Partial
10826,6826,2,4020,2025-11-03,2025-11-03,Delivered
10827,6827,2,6902,2025-10-20,2025-10-20,Delivered
10828,6828,2,5433,2026-03-01,2026-03-01,Partial
10829,6829,2,6530,2026-03-06,2026-03-06,Partial
10830,6830,2,3484,2026-02-16,2026-02-16,Delivered
10831,6831,2,2039,2026-03-01,2026-03-01,Partial
10832,6832,2,1407,2026-02-24,2026-02-24,Partial
10833,6833,2,6791,2026-03-02,2026-03-02,Partial
10834,6834,2,3412,2026-03-04,2026-03-04,Partial
10835,6835,2,6501,2026-02-27,2026-02-27,Delivered
10836,6836,2,7749,2025-10-29,2025-10-29,Partial
10837,6837,2,4306,2025-10-08,2025-10-08,Partial
10838,6838,2,4365,2025-11-08,2025-11-08,Delivered
10839,6839,2,5912,2025-10-22,2025-10-22,Partial
10840,6840,2,7250,2026-03-02,2026-03-02,Partial
10841,6841,2,5514,2026-02-14,2026-02-14,Partial
10842,6842,2,13543,2026-02-16,2026-02-16,Partial
10843,6843,2,5116,2026-02-17,2026-02-17,Partial
10844,6844,2,8586,2026-02-15,2026-02-15,Partial
10845,6845,2,15,2026-02-17,2026-02-17,Lost
10846,6846,2,6766,2025-10-14,2025-10-14,Delivered
10847,6847,2,5200,2025-10-22,2025-10-22,Partial
10848,6848,2,3371,2025-10-23,2025-10-23,Partial
10849,6849,2,624,2026-02-10,2026-02-10,Partial
10850,6850,2,3798,2026-02-26,2026-02-26,Partial
10851,6851,2,5105,2026-03-05,2026-03-05,Partial
10852,6852,2,950,2025-10-23,2025-10-23,Delivered
10853,6853,2,3807,2025-10-16,2025-10-16,Delivered
10854,6854,2,7301,2025-10-25,2025-10-25,Partial
10855,6855,2,16027,2025-10-27,2025-10-27,Delivered
10856,6856,2,8486,2025-10-28,2025-10-28,Delivered
10857,6857,2,5321,2025-10-26,2025-10-26,Partial
10858,6858,2,8399,2025-10-31,2025-10-31,Partial
10859,6859,2,3059,2025-10-27,2025-10-27,Partial
10860,6860,2,8487,2026-02-26,2026-02-26,Partial
10861,6861,2,1144,2026-02-25,2026-02-28,Partial
10862,6862,2,2954,2026-03-04,2026-03-04,Partial
10863,6863,2,5614,2026-02-12,2026-02-12,Partial
10864,6864,2,3299,2026-03-03,2026-03-03,Delivered
10865,6865,2,1759,2026-02-20,2026-02-20,Partial
10866,6866,2,6549,2026-02-18,2026-02-18,Partial
10867,6867,2,5926,2026-02-14,2026-02-14,Partial
10868,6868,2,15357,2025-10-30,2025-10-30,Partial
10869,6869,2,8043,2025-10-24,2025-10-24,Partial
10870,6870,2,5496,2025-10-25,2025-10-25,Delivered
10871,6871,2,1771,2025-10-25,2025-10-25,Delivered
10872,6872,2,7480,2025-10-22,2025-10-22,Delivered
10873,6873,2,5916,2025-10-15,2025-10-15,Partial
10874,6874,2,2316,2025-11-05,2025-11-05,Partial
10875,6875,2,2191,2026-02-12,2026-02-20,Partial
10876,6876,2,4295,2026-02-25,2026-02-25,Partial
10877,6877,2,904,2026-02-13,2026-02-13,Partial
10878,6878,2,6398,2026-02-11,2026-02-11,Partial
10879,6879,2,6939,2026-02-22,2026-02-22,Partial
10880,6880,2,8309,2026-02-10,2026-02-10,Partial
10881,6881,2,8188,2025-11-07,2025-11-07,Delivered
10882,6882,2,773,2025-10-22,2025-10-22,Partial
10883,6883,2,4602,2025-10-27,2025-10-27,Partial
10884,6884,2,7129,2026-02-21,2026-02-21,Partial
10885,6885,2,4954,2026-02-07,2026-02-07,Partial
10886,6886,2,8191,2026-02-11,2026-02-11,Partial
10887,6887,2,6209,2026-02-07,2026-02-07,Partial
10888,6888,2,6884,2026-03-06,2026-03-06,Partial
10889,6889,2,8075,2026-03-07,2026-03-07,Partial
10890,6890,2,5089,2026-02-25,2026-02-25,Partial
10891,6891,2,7600,2026-03-05,2026-03-05,Partial
10892,6892,2,8156,2025-10-30,2025-11-02,Delivered
10893,6893,2,13225,2025-10-19,2025-10-19,Partial
10894,6894,2,3324,2025-10-28,2025-10-28,Partial
10895,6895,2,4224,2025-10-08,2025-10-12,Partial
10896,6896,2,2012,2025-10-18,2025-10-18,Partial
10897,6897,2,4147,2025-10-09,2025-10-09,Delivered
10898,6898,2,7746,2026-03-03,2026-03-03,Partial
10899,6899,2,542,2026-02-26,2026-02-26,Lost
10900,6900,2,690,2026-02-21,2026-02-21,Partial
10901,6901,2,5880,2025-10-31,2025-10-31,Partial
10902,6902,2,5893,2025-10-30,2025-10-30,Partial
10903,6903,2,7976,2025-10-22,2025-10-22,Partial
10904,6904,2,6064,2025-10-26,2025-10-26,Delivered
10905,6905,2,4552,2025-10-30,2025-10-30,Partial
10906,6906,2,7429,2025-10-24,2025-10-24,Partial
10907,6907,2,4210,2026-03-02,2026-03-02,Partial
10908,6908,2,5556,2026-03-03,2026-03-03,Partial
10909,6909,2,856,2026-02-20,2026-02-20,Partial
10910,6910,2,4143,2026-03-04,2026-03-04,Partial
10911,6911,2,14466,2026-02-23,2026-02-23,Partial
10912,6912,2,2430,2026-02-15,2026-02-15,Partial
10913,6913,2,3026,2026-02-15,2026-02-15,Partial
10914,6914,2,1216,2025-10-09,2025-10-09,Partial
10915,6915,2,7610,2025-10-12,2025-10-12,Partial
10916,6916,2,1930,2025-10-21,2025-10-21,Partial
10917,6917,2,6705,2025-10-29,2025-10-29,Partial
10918,6918,2,6423,2025-10-24,2025-10-24,Partial
10919,6919,2,1819,2025-10-15,2025-10-15,Partial
10920,6920,2,2326,2026-03-04,2026-03-04,Delivered
10921,6921,2,5579,2026-02-26,2026-02-26,Partial
10922,6922,2,1902,2026-02-19,2026-02-19,Partial
10923,6923,2,1933,2026-03-03,2026-03-03,Partial
10924,6924,2,6675,2026-02-16,2026-02-16,Partial
10925,6925,2,637,2025-10-18,2025-10-18,Delivered
10926,6926,2,6712,2025-11-05,2025-11-05,Partial
10927,6927,2,18238,2025-10-26,2025-10-26,Partial
10928,6928,2,1459,2026-02-26,2026-02-26,Delivered
10929,6929,2,14794,2026-02-13,2026-02-13,Partial
10930,6930,2,8553,2026-02-16,2026-02-16,Partial
10931,6931,2,6830,2026-03-05,2026-03-05,Partial
10932,6932,2,1970,2026-02-15,2026-02-15,Partial
10933,6933,2,4799,2026-02-15,2026-02-15,Delivered
10934,6934,2,6577,2026-02-17,2026-02-17,Partial
10935,6935,2,4476,2025-10-06,2025-10-06,Partial
10936,6936,2,8072,2025-10-26,2025-10-26,Partial
10937,6937,2,6539,2025-10-17,2025-10-17,Partial
10938,6938,2,893,2025-10-27,2025-11-03,Partial
10939,6939,2,2089,2025-10-22,2025-10-22,Partial
10940,6940,2,7021,2025-11-02,2025-11-02,Partial
10941,6941,2,8021,2025-10-31,2025-10-31,Delivered
10942,6942,2,3947,2026-03-01,2026-03-01,Partial
10943,6943,2,6378,2026-02-15,2026-02-15,Partial
10944,6944,2,6174,2026-02-22,2026-02-22,Partial
10945,6945,2,3483,2026-02-25,2026-02-25,Delivered
10946,6946,2,3501,2026-02-24,2026-02-24,Partial
10947,6947,2,6064,2026-03-01,2026-03-01,Partial
10948,6948,2,7716,2025-10-19,2025-10-19,Partial
10949,6949,2,5925,2025-10-20,2025-10-20,Delivered
10950,6950,2,8159,2025-11-02,2025-11-02,Partial
10951,6951,2,5644,2025-11-01,2025-11-01,Partial
10952,6952,2,5247,2025-10-12,2025-10-12,Partial
10953,6953,2,4409,2025-10-25,2025-10-25,Partial
10954,6954,2,4435,2025-10-11,2025-10-11,Partial
10955,6955,2,8671,2025-10-14,2025-10-14,Partial
10956,6956,2,935,2026-02-19,2026-02-26,Delivered
10957,6957,2,3230,2026-02-23,2026-02-23,Partial
10958,6958,2,13791,2026-02-18,2026-02-18,Partial
10959,6959,2,4374,2026-02-25,2026-02-25,Partial
10960,6960,2,5113,2025-10-12,2025-10-12,Partial
10961,6961,2,897,2025-10-28,2025-10-28,Lost
10962,6962,2,3149,2025-10-24,2025-10-24,Delivered
10963,6963,2,1482,2025-11-07,2025-11-07,Partial
10964,6964,2,758,2025-10-17,2025-10-17,Delivered
10965,6965,2,6968,2025-10-17,2025-10-17,Partial
10966,6966,2,4873,2025-10-23,2025-10-23,Partial
10967,6967,2,3976,2026-03-02,2026-03-02,Partial
10968,6968,2,688,2026-03-07,2026-03-07,Partial
10969,6969,2,6948,2026-02-20,2026-02-20,Partial
10970,6970,2,4847,2026-02-18,2026-02-18,Partial
10971,6971,2,1881,2026-03-05,2026-03-05,Partial
10972,6972,3,14617,2025-10-19,2025-10-19,Partial
10973,6973,3,6085,2025-10-26,2025-10-26,Partial
10974,6974,3,7060,2025-10-22,2025-10-22,Partial
10975,6975,3,8114,2025-10-23,2025-10-23,Partial
10976,6976,3,3683,2025-11-02,2025-11-02,Partial
10977,6977,3,8716,2025-10-14,2025-10-14,Partial
10978,6978,3,1668,2026-02-16,2026-02-16,Partial
10979,6979,3,7918,2026-02-19,2026-02-19,Partial
10980,6980,3,8386,2026-02-25,2026-02-25,Partial
10981,6981,3,16096,2026-03-05,2026-03-05,Partial
10982,6982,3,5117,2026-02-11,2026-02-11,Partial
10983,6983,3,13293,2026-02-15,2026-02-15,Partial
10984,6984,3,7479,2026-03-03,2026-03-03,Partial
10985,6985,3,2958,2025-10-18,2025-10-18,Partial
10986,6986,3,3957,2025-10-06,2025-10-06,Partial
10987,6987,3,7436,2025-10-07,2025-10-07,Partial
10988,6988,3,7958,2025-10-12,2025-10-12,Partial
10989,6989,3,6065,2025-10-07,2025-10-07,Partial
10990,6990,3,3900,2025-10-07,2025-10-07,Partial
10991,6991,3,5082,2025-11-02,2025-11-02,Partial
10992,6992,3,907,2025-10-20,2025-10-21,Partial
10993,6993,3,10,2026-03-03,2026-03-03,Lost
10994,6994,3,1607,2026-03-03,2026-03-03,Partial
10995,6995,3,8207,2026-02-19,2026-02-19,Partial
10996,6996,3,2713,2026-02-16,2026-02-16,Partial
10997,6997,3,6139,2026-02-17,2026-02-17,Partial
10998,6998,3,3791,2026-03-04,2026-03-04,Partial
10999,6999,3,3343,2025-10-30,2025-10-30,Partial
11000,7000,3,603,2025-10-15,2025-10-15,Partial
11001,7001,3,7665,2025-10-27,2025-10-27,Partial
11002,7002,3,8359,2025-10-23,2025-10-28,Partial
11003,7003,3,5132,2025-10-23,2025-10-23,Partial
11004,7004,3,5570,2025-10-23,2025-10-23,Partial
11005,7005,3,6674,2025-10-22,2025-10-22,Partial
11006,7006,3,1417,2025-10-21,2025-10-21,Partial
11007,7007,3,4444,2026-02-19,2026-02-19,Partial
11008,7008,3,9163,2026-03-03,2026-03-03,Partial
11009,7009,3,7870,2026-02-17,2026-02-17,Partial
11010,7010,3,4026,2025-10-18,2025-10-18,Partial
11011,7011,3,4425,2025-10-15,2025-10-15,Partial
11012,7012,3,6910,2025-10-20,2025-10-20,Partial
11013,7013,3,7110,2025-11-05,2025-11-05,Partial
11014,7014,3,1958,2025-10-20,2025-10-20,Partial
11015,7015,3,7153,2025-10-21,2025-10-21,Partial
11016,7016,3,7332,2026-02-14,2026-02-14,Partial
11017,7017,3,4051,2026-02-27,2026-02-27,Partial
11018,7018,3,1927,2026-02-06,2026-02-06,Partial
11019,7019,3,3773,2026-03-01,2026-03-01,Partial
11020,7020,3,6256,2026-02-16,2026-02-16,Partial
11021,7021,3,2282,2026-03-06,2026-03-06,Partial
11022,7022,3,8293,2026-03-04,2026-03-04,Partial
11023,7023,3,4042,2026-03-11,2026-03-11,Partial
11024,7024,3,1266,2025-10-24,2025-10-24,Partial
11025,7025,3,7408,2025-10-30,2025-10-30,Partial
11026,7026,3,6101,2025-10-27,2025-10-27,Partial
11027,7027,3,1478,2025-10-16,2025-10-16,Partial
11028,7028,3,2564,2025-10-16,2025-10-16,Partial
11029,7029,3,2721,2026-02-21,2026-02-21,Partial
11030,7030,3,1323,2026-03-03,2026-03-03,Partial
11031,7031,3,4699,2026-02-26,2026-02-26,Partial
11032,7032,3,6998,2026-02-16,2026-02-16,Partial
11033,7033,3,4967,2026-02-23,2026-02-23,Partial
11034,7034,3,5630,2026-02-20,2026-02-20,Partial
11035,7035,3,3002,2026-03-10,2026-03-10,Partial
11036,7036,3,2644,2026-02-17,2026-02-17,Partial
11037,7037,3,1906,2025-10-21,2025-10-21,Partial
11038,7038,3,1621,2025-11-02,2025-11-02,Partial
11039,7039,3,7035,2025-10-11,2025-10-11,Partial
11040,7040,3,597,2025-10-10,2025-10-10,Partial
11041,7041,3,5843,2025-10-16,2025-10-21,Partial
11042,7042,3,8188,2025-10-12,2025-10-12,Partial
11043,7043,3,5376,2025-10-22,2025-10-22,Partial
11044,7044,3,3700,2026-03-03,2026-03-03,Partial
11045,7045,3,7887,2026-02-25,2026-02-25,Partial
11046,7046,3,5268,2026-03-04,2026-03-04,Partial
11047,7047,3,1812,2026-02-23,2026-02-23,Partial
11048,7048,3,2871,2026-02-19,2026-02-19,Partial
11049,7049,3,6234,2026-02-14,2026-02-14,Partial
11050,7050,3,2654,2026-02-23,2026-03-03,Partial
11051,7051,3,3789,2025-11-02,2025-11-02,Partial
11052,7052,3,6809,2025-10-20,2025-10-20,Partial
11053,7053,3,7684,2025-10-14,2025-10-14,Partial
11054,7054,3,741,2025-10-17,2025-10-17,Partial
11055,7055,3,18176,2025-10-19,2025-10-19,Partial
11056,7056,3,1129,2025-10-18,2025-10-26,Partial
11057,7057,3,958,2025-11-03,2025-11-03,Partial
11058,7058,3,6667,2025-10-10,2025-10-10,Partial
11059,7059,3,1069,2026-03-06,2026-03-07,Partial
11060,7060,3,7744,2026-02-21,2026-02-21,Partial
11061,7061,3,6542,2026-02-11,2026-02-11,Partial
11062,7062,3,8174,2026-02-26,2026-02-26,Partial
11063,7063,3,14112,2026-02-12,2026-02-12,Partial
11064,7064,3,13864,2025-10-27,2025-10-27,Partial
11065,7065,3,7485,2025-10-13,2025-10-19,Partial
11066,7066,3,8059,2025-10-29,2025-10-29,Partial
11067,7067,3,818,2025-10-21,2025-10-21,Partial
11068,7068,3,8227,2025-10-25,2025-10-25,Partial
11069,7069,3,1927,2026-02-27,2026-02-27,Partial
11070,7070,3,4650,2026-03-03,2026-03-10,Partial
11071,7071,3,122,2026-02-15,2026-02-15,Lost
11072,7072,3,3676,2026-02-10,2026-02-10,Partial
11073,7073,3,3001,2026-02-09,2026-02-12,Partial
11074,7074,3,1545,2026-02-17,2026-02-17,Partial
11075,7075,3,7831,2026-02-22,2026-02-22,Partial
11076,7076,3,3428,2026-02-16,2026-02-16,Partial
11077,7077,3,6981,2025-10-19,2025-10-19,Partial
11078,7078,3,751,2025-10-22,2025-10-22,Partial
11079,7079,3,14958,2025-10-30,2025-10-30,Partial
11080,7080,3,4604,2025-10-27,2025-10-27,Partial
11081,7081,3,2508,2025-10-23,2025-10-23,Partial
11082,7082,3,6184,2025-11-01,2025-11-01,Partial
11083,7083,3,2555,2025-10-18,2025-10-18,Partial
11084,7084,3,13719,2026-02-22,2026-02-22,Partial
11085,7085,3,5022,2026-02-11,2026-02-11,Partial
11086,7086,3,14591,2026-02-19,2026-02-19,Partial
11087,7087,3,3317,2026-02-24,2026-02-24,Partial
11088,7088,3,8380,2026-02-18,2026-02-18,Partial
11089,7089,3,3949,2025-10-15,2025-10-15,Partial
11090,7090,3,3655,2025-10-30,2025-10-30,Partial
11091,7091,3,736,2025-10-15,2025-10-15,Partial
11092,7092,3,2617,2025-10-13,2025-10-13,Partial
11093,7093,3,2183,2025-10-31,2025-10-31,Partial
11094,7094,3,55,2025-10-15,2025-10-15,Lost
11095,7095,3,232,2026-03-02,2026-03-02,Lost
11096,7096,3,7978,2026-02-27,2026-02-27,Partial
11097,7097,3,9895,2026-02-26,2026-02-26,Partial
11098,7098,3,756,2026-03-03,2026-03-03,Partial
11099,7099,3,7641,2026-02-18,2026-02-18,Partial
11100,7100,3,3377,2025-10-16,2025-10-16,Partial
11101,7101,3,5879,2025-10-12,2025-10-12,Partial
11102,7102,3,3578,2025-10-13,2025-10-13,Partial
11103,7103,3,6590,2025-10-13,2025-10-13,Partial
11104,7104,3,4581,2025-10-13,2025-10-20,Partial
11105,7105,3,7307,2025-10-31,2025-10-31,Partial
11106,7106,3,2053,2026-02-22,2026-02-22,Partial
11107,7107,3,8080,2026-02-18,2026-02-18,Partial
11108,7108,3,7439,2026-02-14,2026-02-14,Partial
11109,7109,3,8106,2026-03-02,2026-03-11,Partial
11110,7110,3,6109,2025-10-14,2025-10-14,Partial
11111,7111,3,2405,2025-10-22,2025-10-22,Partial
11112,7112,3,6164,2025-10-15,2025-10-15,Partial
11113,7113,3,2344,2025-10-15,2025-10-15,Partial
11114,7114,3,4648,2025-10-17,2025-10-17,Partial
11115,7115,3,5947,2025-10-17,2025-10-17,Partial
11116,7116,3,757,2025-10-30,2025-10-30,Partial
11117,7117,3,3852,2025-11-01,2025-11-01,Partial
11118,7118,3,3970,2026-02-26,2026-02-26,Partial
11119,7119,3,1395,2026-02-14,2026-02-14,Partial
11120,7120,3,6782,2026-02-26,2026-02-26,Partial
11121,7121,3,7323,2026-03-04,2026-03-04,Partial
11122,7122,3,3893,2026-03-04,2026-03-04,Partial
11123,7123,3,6143,2026-02-22,2026-02-22,Partial
11124,7124,3,2321,2026-02-14,2026-02-14,Partial
11125,7125,3,6396,2025-10-19,2025-10-19,Partial
11126,7126,3,18116,2025-10-15,2025-10-15,Partial
11127,7127,3,8349,2025-10-22,2025-10-22,Partial
11128,7128,3,8487,2025-10-24,2025-10-24,Partial
11129,7129,3,2756,2025-10-14,2025-10-14,Partial
11130,7130,3,6823,2025-10-26,2025-10-26,Partial
11131,7131,3,4708,2025-10-27,2025-11-03,Partial
11132,7132,3,16793,2025-11-03,2025-11-05,Partial
11133,7133,3,5170,2026-02-21,2026-02-21,Partial
11134,7134,3,5905,2026-03-03,2026-03-03,Partial
11135,7135,3,6880,2026-03-06,2026-03-06,Partial
11136,7136,3,1314,2025-10-30,2025-10-30,Partial
11137,7137,3,6598,2025-10-24,2025-10-24,Partial
11138,7138,3,6253,2025-11-04,2025-11-04,Partial
11139,7139,3,4934,2025-10-27,2025-10-27,Partial
11140,7140,3,4770,2025-10-10,2025-10-10,Partial
11141,7141,3,2721,2026-02-15,2026-02-15,Partial
11142,7142,3,2605,2026-03-02,2026-03-02,Partial
11143,7143,3,1344,2026-03-04,2026-03-04,Partial
11144,7144,3,8351,2026-03-07,2026-03-07,Partial
11145,7145,3,3076,2026-03-08,2026-03-08,Partial
11146,7146,3,8638,2026-02-18,2026-02-18,Partial
11147,7147,3,681,2025-10-31,2025-10-31,Partial
11148,7148,3,3628,2025-10-22,2025-10-22,Partial
11149,7149,3,2614,2025-11-03,2025-11-03,Partial
11150,7150,3,2265,2025-10-21,2025-10-21,Partial
11151,7151,3,4520,2025-10-25,2025-10-25,Partial
11152,7152,3,654,2026-03-01,2026-03-01,Partial
11153,7153,3,917,2026-03-08,2026-03-14,Partial
11154,7154,3,6338,2026-03-01,2026-03-01,Partial
11155,7155,3,7405,2026-02-17,2026-02-17,Partial
11156,7156,3,2883,2025-10-30,2025-10-30,Partial
11157,7157,3,4144,2025-10-31,2025-10-31,Partial
11158,7158,3,1618,2025-10-19,2025-10-19,Partial
11159,7159,3,6772,2025-11-02,2025-11-02,Partial
11160,7160,3,6475,2025-10-16,2025-10-16,Partial
11161,7161,3,1675,2026-03-04,2026-03-04,Partial
11162,7162,3,3469,2026-02-20,2026-02-20,Partial
11163,7163,3,5822,2026-02-15,2026-02-15,Partial
11164,7164,3,2022,2026-02-23,2026-02-23,Partial
11165,7165,3,5314,2026-02-21,2026-02-21,Partial
11166,7166,3,854,2026-02-21,2026-02-21,Partial
11167,7167,3,4450,2026-02-13,2026-02-13,Partial
11168,7168,3,3758,2026-03-07,2026-03-07,Partial
11169,7169,3,8430,2025-11-03,2025-11-03,Partial
11170,7170,3,5599,2025-11-07,2025-11-07,Partial
11171,7171,3,1098,2025-11-04,2025-11-04,Partial
11172,7172,3,2172,2025-10-27,2025-10-27,Partial
11173,7173,3,3079,2025-11-03,2025-11-03,Partial
11174,7174,3,3522,2025-10-28,2025-10-28,Partial
11175,7175,3,7418,2025-10-10,2025-10-10,Partial
11176,7176,3,1716,2026-03-07,2026-03-07,Partial
11177,7177,3,2821,2026-03-06,2026-03-06,Partial
11178,7178,3,19636,2026-03-04,2026-03-04,Partial
11179,7179,3,19513,2026-02-16,2026-02-16,Partial
11180,7180,3,19014,2026-03-03,2026-03-03,Partial
11181,7181,3,5890,2026-02-24,2026-02-24,Partial
11182,7182,3,1658,2026-02-18,2026-02-18,Partial
11183,7183,3,2013,2025-10-16,2025-10-24,Partial
11184,7184,3,16635,2025-11-01,2025-11-01,Partial
11185,7185,3,7752,2025-10-25,2025-10-25,Partial
11186,7186,3,1919,2025-10-21,2025-10-21,Partial
11187,7187,3,5213,2025-10-10,2025-10-10,Partial
11188,7188,3,6467,2025-10-14,2025-10-23,Partial
11189,7189,3,3918,2025-10-25,2025-10-25,Partial
11190,7190,3,5872,2025-11-07,2025-11-07,Partial
11191,7191,3,1549,2026-02-25,2026-02-25,Partial
11192,7192,3,695,2026-02-19,2026-02-19,Partial
11193,7193,3,5110,2026-03-03,2026-03-03,Partial
11194,7194,3,716,2026-02-18,2026-02-18,Partial
11195,7195,3,3997,2026-02-18,2026-02-18,Partial
11196,7196,3,4626,2026-02-20,2026-02-20,Partial
11197,7197,3,1060,2026-02-11,2026-02-11,Partial
11198,7198,3,17918,2025-10-11,2025-10-11,Partial
11199,7199,3,4470,2025-10-12,2025-10-12,Partial
11200,7200,3,8460,2025-11-03,2025-11-03,Partial
11201,7201,3,516,2025-10-18,2025-10-18,Lost
11202,7202,3,7916,2025-10-28,2025-10-28,Partial
11203,7203,3,5960,2025-10-18,2025-10-18,Partial
11204,7204,3,1412,2025-10-11,2025-10-11,Partial
11205,7205,3,8721,2025-10-19,2025-10-19,Partial
11206,7206,3,6253,2025-10-28,2025-10-28,Partial
11207,7207,3,2402,2025-10-23,2025-10-23,Partial
11208,7208,3,947,2025-10-30,2025-10-30,Partial
11209,7209,3,2500,2025-10-15,2025-10-15,Partial
11210,7210,3,5549,2026-03-01,2026-03-01,Partial
11211,7211,3,5194,2026-03-04,2026-03-04,Partial
11212,7212,3,2738,2026-03-01,2026-03-01,Partial
11213,7213,3,4115,2026-02-22,2026-02-22,Partial
11214,7214,3,2632,2026-03-02,2026-03-02,Partial
11215,7215,3,7513,2026-02-07,2026-02-07,Partial
11216,7216,3,1417,2025-10-29,2025-10-29,Partial
11217,7217,3,746,2025-10-26,2025-10-26,Partial
11218,7218,3,6488,2025-10-30,2025-10-30,Partial
11219,7219,3,3032,2026-02-11,2026-02-11,Partial
11220,7220,3,15883,2026-03-01,2026-03-01,Partial
11221,7221,3,2116,2026-02-27,2026-02-27,Partial
11222,7222,3,1412,2026-02-14,2026-02-20,Partial
11223,7223,3,3344,2026-02-28,2026-02-28,Partial
11224,7224,3,2594,2026-03-11,2026-03-11,Partial
11225,7225,3,5885,2026-02-11,2026-02-11,Partial
11226,7226,3,8084,2025-10-22,2025-10-22,Partial
11227,7227,3,2871,2025-10-10,2025-10-10,Partial
11228,7228,3,5681,2025-10-24,2025-10-24,Partial
11229,7229,3,983,2025-11-04,2025-11-04,Lost
11230,7230,3,6043,2025-11-05,2025-11-05,Partial
11231,7231,3,5316,2025-11-02,2025-11-02,Partial
11232,7232,3,731,2025-11-04,2025-11-04,Partial
11233,7233,3,5361,2026-02-16,2026-02-16,Partial
11234,7234,3,8340,2026-02-09,2026-02-09,Partial
11235,7235,3,6452,2026-02-18,2026-02-18,Partial
11236,7236,3,5965,2026-03-09,2026-03-09,Partial
11237,7237,3,1718,2026-02-14,2026-02-14,Partial
11238,7238,3,7436,2026-02-26,2026-02-26,Partial
11239,7239,3,592,2026-03-06,2026-03-06,Partial
11240,7240,3,7967,2026-02-27,2026-02-27,Partial
11241,7241,3,8228,2025-10-20,2025-10-20,Partial
11242,7242,3,4450,2025-10-12,2025-10-12,Partial
11243,7243,3,6967,2025-10-24,2025-10-24,Partial
11244,7244,3,6956,2025-10-29,2025-10-29,Partial
11245,7245,3,6959,2025-11-02,2025-11-07,Partial
11246,7246,3,4700,2026-03-08,2026-03-08,Partial
11247,7247,3,6063,2026-03-02,2026-03-02,Partial
11248,7248,3,1212,2026-02-25,2026-02-25,Partial
11249,7249,3,5795,2026-03-01,2026-03-01,Partial
11250,7250,3,5580,2025-10-30,2025-10-30,Partial
11251,7251,3,5857,2025-10-22,2025-10-22,Partial
11252,7252,3,946,2025-10-18,2025-10-18,Partial
11253,7253,3,17456,2025-10-23,2025-10-23,Partial
11254,7254,3,7905,2025-10-28,2025-10-28,Partial
11255,7255,3,1129,2025-10-31,2025-10-31,Partial
11256,7256,3,4740,2026-02-28,2026-02-28,Partial
11257,7257,3,4986,2026-02-08,2026-02-08,Partial
11258,7258,3,7974,2026-03-04,2026-03-04,Partial
11259,7259,3,3439,2026-03-02,2026-03-02,Partial
11260,7260,3,18891,2026-02-25,2026-02-25,Partial
11261,7261,3,2569,2026-02-14,2026-02-14,Partial
11262,7262,3,4047,2026-03-04,2026-03-04,Partial
11263,7263,3,2378,2025-11-05,2025-11-05,Partial
11264,7264,3,2426,2025-10-10,2025-10-10,Partial
11265,7265,3,6388,2025-11-05,2025-11-05,Partial
11266,7266,3,6864,2025-10-28,2025-10-28,Partial
11267,7267,3,3202,2025-10-31,2025-10-31,Partial
11268,7268,3,2578,2025-10-22,2025-10-29,Partial
11269,7269,3,6123,2025-10-30,2025-10-30,Partial
11270,7270,3,6739,2026-02-23,2026-02-23,Partial
11271,7271,3,1274,2026-02-19,2026-02-19,Partial
11272,7272,3,6390,2026-03-09,2026-03-09,Partial
11273,7273,3,1404,2026-02-13,2026-02-13,Partial
11274,7274,3,5929,2025-11-04,2025-11-04,Partial
11275,7275,3,2918,2025-10-12,2025-10-12,Partial
11276,7276,3,7491,2025-10-24,2025-10-24,Partial
11277,7277,3,17120,2025-10-31,2025-10-31,Partial
11278,7278,3,885,2026-02-22,2026-02-22,Partial
11279,7279,3,1378,2026-02-14,2026-02-14,Partial
11280,7280,3,2766,2026-02-24,2026-02-24,Partial
11281,7281,3,7613,2026-02-19,2026-02-19,Partial
11282,7282,3,3461,2026-02-22,2026-02-22,Partial
11283,7283,3,3561,2026-02-22,2026-02-22,Partial
11284,7284,3,6312,2026-02-24,2026-02-24,Partial
11285,7285,3,7037,2026-03-07,2026-03-07,Partial
11286,7286,3,800,2025-10-14,2025-10-14,Lost
11287,7287,3,17111,2025-10-12,2025-10-12,Partial
11288,7288,3,908,2025-10-19,2025-10-19,Partial
11289,7289,3,4590,2025-10-27,2025-10-27,Partial
11290,7290,3,8070,2025-10-25,2025-10-25,Partial
11291,7291,3,3671,2025-10-18,2025-10-18,Partial
11292,7292,3,6205,2026-02-19,2026-02-19,Partial
11293,7293,3,1190,2026-02-23,2026-02-23,Lost
11294,7294,3,7046,2026-03-02,2026-03-02,Partial
11295,7295,3,7816,2025-10-27,2025-11-04,Partial
11296,7296,3,4265,2025-11-04,2025-11-04,Partial
11297,7297,3,1496,2025-10-18,2025-10-18,Partial
11298,7298,3,892,2025-11-01,2025-11-01,Partial
11299,7299,3,2380,2025-10-28,2025-10-28,Partial
11300,7300,3,9719,2025-10-23,2025-10-23,Partial
11301,7301,3,5718,2025-10-23,2025-10-23,Partial
11302,7302,3,4586,2025-11-04,2025-11-04,Partial
11303,7303,3,1757,2026-02-24,2026-02-24,Partial
11304,7304,3,8028,2026-02-13,2026-02-13,Partial
11305,7305,3,4059,2026-03-08,2026-03-08,Partial
11306,7306,3,7863,2026-02-24,2026-02-24,Partial
11307,7307,3,861,2026-03-01,2026-03-01,Partial
11308,7308,3,2002,2026-02-23,2026-02-23,Partial
11309,7309,3,7401,2026-02-09,2026-02-09,Partial
11310,7310,3,8290,2025-10-25,2025-10-31,Partial
11311,7311,3,16297,2025-10-27,2025-10-29,Partial
11312,7312,3,5024,2025-10-19,2025-10-23,Partial
11313,7313,3,926,2025-10-17,2025-10-25,Partial
11314,7314,3,6515,2025-10-10,2025-10-10,Partial
11315,7315,3,7178,2026-02-20,2026-02-20,Partial
11316,7316,3,6410,2026-03-05,2026-03-05,Partial
11317,7317,3,6442,2026-03-07,2026-03-07,Partial
11318,7318,3,3434,2026-03-04,2026-03-04,Partial
11319,7319,3,7655,2026-02-17,2026-02-17,Partial
11320,7320,3,909,2026-02-16,2026-02-16,Partial
11321,7321,3,3216,2026-02-27,2026-02-27,Partial
11322,7322,3,5486,2025-10-25,2025-10-31,Partial
11323,7323,3,7449,2025-10-27,2025-10-27,Partial
11324,7324,3,2451,2025-11-01,2025-11-10,Partial
11325,7325,3,1857,2025-10-22,2025-10-22,Partial
11326,7326,3,8309,2025-10-31,2025-10-31,Partial
11327,7327,3,8188,2025-10-27,2025-10-27,Partial
11328,7328,3,5963,2025-10-19,2025-10-19,Partial
11329,7329,3,5630,2025-10-31,2025-10-31,Partial
11330,7330,3,8427,2026-03-10,2026-03-10,Partial
11331,7331,3,6473,2026-02-23,2026-03-01,Partial
11332,7332,3,5735,2026-02-14,2026-02-14,Partial
11333,7333,3,3946,2026-03-04,2026-03-04,Partial
11334,7334,3,2649,2026-03-04,2026-03-04,Partial
11335,7335,3,2428,2026-03-01,2026-03-01,Partial
11336,7336,3,3051,2025-10-25,2025-10-29,Partial
11337,7337,3,3403,2025-10-16,2025-10-16,Partial
11338,7338,3,1001,2025-10-10,2025-10-10,Partial
11339,7339,3,2205,2025-10-23,2025-10-23,Partial
11340,7340,3,1248,2025-10-24,2025-11-02,Partial
11341,7341,3,5714,2025-11-01,2025-11-01,Partial
11342,7342,3,7837,2025-10-19,2025-10-19,Partial
11343,7343,3,4732,2025-10-21,2025-10-21,Partial
11344,7344,3,3710,2026-02-10,2026-02-10,Partial
11345,7345,3,13422,2026-03-02,2026-03-02,Partial
11346,7346,3,1406,2026-02-15,2026-02-15,Partial
11347,7347,3,7160,2026-02-12,2026-02-12,Partial
11348,7348,3,10515,2026-02-12,2026-02-12,Partial
11349,7349,3,6522,2025-10-21,2025-10-22,Partial
11350,7350,3,7520,2025-11-03,2025-11-03,Partial
11351,7351,3,2110,2025-10-30,2025-10-30,Partial
11352,7352,3,3444,2026-02-11,2026-02-11,Partial
11353,7353,3,7998,2026-02-16,2026-02-16,Partial
11354,7354,3,678,2026-02-10,2026-02-10,Partial
11355,7355,3,5831,2026-03-05,2026-03-05,Partial
11356,7356,3,7785,2025-10-20,2025-10-20,Partial
11357,7357,3,6577,2025-10-15,2025-10-15,Partial
11358,7358,3,3857,2025-10-25,2025-10-25,Partial
11359,7359,3,5809,2026-02-20,2026-02-20,Partial
11360,7360,3,1644,2026-03-08,2026-03-08,Partial
11361,7361,3,3488,2026-02-20,2026-02-20,Partial
11362,7362,3,7370,2026-03-06,2026-03-06,Partial
11363,7363,3,6134,2026-03-04,2026-03-04,Partial
11364,7364,3,5963,2025-10-20,2025-10-20,Partial
11365,7365,3,7888,2025-10-13,2025-10-13,Partial
11366,7366,3,5821,2025-10-12,2025-10-12,Partial
11367,7367,3,8015,2025-10-10,2025-10-10,Partial
11368,7368,3,5920,2026-03-01,2026-03-01,Partial
11369,7369,3,6125,2026-02-18,2026-02-18,Partial
11370,7370,3,5685,2026-02-25,2026-02-25,Partial
11371,7371,3,2787,2026-03-07,2026-03-07,Partial
11372,7372,3,6241,2026-02-24,2026-02-24,Partial
11373,7373,3,5188,2026-02-19,2026-02-19,Partial
11374,7374,3,2364,2026-03-05,2026-03-05,Partial
11375,7375,3,4082,2026-02-24,2026-02-24,Partial
11376,7376,3,5102,2025-10-31,2025-10-31,Partial
11377,7377,3,6187,2025-10-28,2025-10-28,Partial
11378,7378,3,13,2025-10-17,2025-10-17,Lost
11379,7379,3,1836,2025-10-22,2025-10-22,Partial
11380,7380,3,8136,2025-10-16,2025-10-22,Partial
11381,7381,3,649,2025-10-22,2025-10-22,Partial
11382,7382,3,2456,2025-10-19,2025-10-19,Partial
11383,7383,3,6169,2026-02-26,2026-02-26,Partial
11384,7384,3,7812,2026-02-24,2026-02-24,Partial
11385,7385,3,2590,2026-02-20,2026-02-20,Partial
11386,7386,3,4664,2026-03-05,2026-03-05,Partial
11387,7387,3,5860,2026-02-26,2026-02-26,Partial
11388,7388,3,4263,2025-10-21,2025-10-21,Partial
11389,7389,3,4961,2025-10-22,2025-10-22,Partial
11390,7390,3,3344,2025-10-30,2025-10-30,Partial
11391,7391,3,5862,2025-10-08,2025-10-08,Partial
11392,7392,3,12737,2025-10-26,2025-10-26,Partial
11393,7393,3,4320,2025-10-10,2025-10-10,Partial
11394,7394,3,1194,2025-11-05,2025-11-05,Partial
11395,7395,3,11629,2025-10-16,2025-10-16,Partial
11396,7396,3,6373,2026-03-01,2026-03-01,Partial
11397,7397,3,1131,2026-03-07,2026-03-07,Partial
11398,7398,3,6245,2026-02-15,2026-02-15,Partial
11399,7399,3,957,2026-03-02,2026-03-02,Partial
11400,7400,3,18203,2026-02-26,2026-02-26,Partial
11401,7401,3,10833,2026-02-11,2026-02-11,Partial
11402,7402,3,3084,2026-02-28,2026-02-28,Partial
11403,7403,3,3066,2026-03-08,2026-03-08,Partial
11404,7404,3,5738,2025-10-25,2025-10-29,Partial
11405,7405,3,17559,2025-10-26,2025-10-26,Partial
11406,7406,3,1220,2025-10-12,2025-10-12,Partial
11407,7407,3,6856,2026-03-05,2026-03-05,Partial
11408,7408,3,6609,2026-02-19,2026-02-19,Partial
11409,7409,3,4,2026-03-02,2026-03-02,Lost
11410,7410,3,4382,2026-02-21,2026-02-21,Partial
11411,7411,3,4947,2026-02-27,2026-02-27,Partial
11412,7412,3,7122,2026-02-20,2026-02-20,Partial
11413,7413,3,8198,2026-02-16,2026-02-16,Partial
11414,7414,3,7085,2026-03-05,2026-03-05,Partial
11415,7415,3,5855,2025-10-23,2025-10-23,Partial
11416,7416,3,6522,2025-10-18,2025-10-18,Partial
11417,7417,3,17291,2025-10-29,2025-10-29,Partial
11418,7418,3,3839,2025-11-02,2025-11-02,Partial
11419,7419,3,3783,2025-10-18,2025-10-18,Partial
11420,7420,3,1906,2025-10-12,2025-10-12,Partial
11421,7421,3,5991,2025-10-28,2025-10-28,Partial
11422,7422,3,1214,2025-10-20,2025-10-20,Partial
11423,7423,3,4532,2026-02-19,2026-02-19,Partial
11424,7424,3,5039,2026-03-06,2026-03-06,Partial
11425,7425,3,4053,2026-02-21,2026-02-21,Partial
11426,7426,3,5065,2025-10-22,2025-10-22,Partial
11427,7427,3,1951,2025-10-26,2025-10-26,Partial
11428,7428,3,776,2025-10-20,2025-10-24,Partial
11429,7429,3,628,2025-11-03,2025-11-03,Partial
11430,7430,3,6471,2025-10-29,2025-10-29,Partial
11431,7431,3,5141,2025-11-01,2025-11-01,Partial
11432,7432,3,5805,2025-10-25,2025-10-25,Partial
11433,7433,3,2753,2025-10-30,2025-10-30,Partial
11434,7434,3,5454,2026-02-11,2026-02-11,Partial
11435,7435,3,8169,2026-02-11,2026-02-11,Partial
11436,7436,3,2007,2026-02-14,2026-02-14,Partial
11437,7437,3,3561,2026-02-21,2026-02-21,Partial
11438,7438,3,3823,2026-02-23,2026-02-23,Partial
11439,7439,3,19435,2026-02-21,2026-02-21,Partial
11440,7440,3,1683,2026-03-03,2026-03-03,Partial
11441,7441,3,923,2025-11-02,2025-11-02,Partial
11442,7442,3,6412,2025-10-14,2025-10-14,Partial
11443,7443,3,3197,2025-10-09,2025-10-09,Partial
11444,7444,3,8293,2025-11-01,2025-11-01,Partial
11445,7445,3,3489,2025-10-17,2025-10-17,Partial
11446,7446,3,4916,2025-10-18,2025-10-18,Partial
11447,7447,3,1174,2026-02-19,2026-02-19,Partial
11448,7448,3,6052,2026-02-22,2026-02-22,Partial
11449,7449,3,4296,2026-03-09,2026-03-09,Partial
11450,7450,3,7679,2026-02-18,2026-02-18,Partial
11451,7451,3,3653,2025-10-19,2025-10-22,Partial
11452,7452,3,425,2025-10-17,2025-10-17,Lost
11453,7453,3,3533,2025-10-23,2025-10-23,Partial
11454,7454,3,3189,2025-10-29,2025-10-29,Partial
11455,7455,3,990,2025-10-25,2025-10-25,Partial
11456,7456,3,5606,2025-11-02,2025-11-02,Partial
11457,7457,3,6350,2025-11-06,2025-11-06,Partial
11458,7458,3,2001,2025-10-29,2025-10-29,Partial
11459,7459,3,1414,2026-03-09,2026-03-09,Partial
11460,7460,3,5866,2026-02-13,2026-02-13,Partial
11461,7461,3,6014,2026-02-17,2026-02-17,Partial
11462,7462,3,2389,2026-02-27,2026-03-06,Partial
11463,7463,3,4097,2025-10-19,2025-10-19,Partial
11464,7464,3,5564,2025-10-12,2025-10-12,Partial
11465,7465,3,1294,2025-10-15,2025-10-15,Partial
11466,7466,3,2260,2025-10-15,2025-10-15,Partial
11467,7467,3,1247,2025-10-21,2025-10-21,Partial
11468,7468,3,4720,2025-10-29,2025-10-29,Partial
11469,7469,3,7221,2026-02-28,2026-02-28,Partial
11470,7470,3,5442,2026-02-19,2026-02-19,Partial
11471,7471,3,3184,2026-02-15,2026-02-15,Partial
11472,7472,3,19486,2026-02-21,2026-02-21,Partial
11473,7473,3,7771,2026-02-10,2026-02-10,Partial
11474,7474,3,7812,2026-02-26,2026-02-26,Partial
11475,7475,3,7323,2026-02-19,2026-02-19,Partial
11476,7476,3,1958,2026-02-23,2026-02-23,Partial
11477,7477,3,6982,2025-10-31,2025-10-31,Partial
11478,7478,3,4047,2025-10-10,2025-10-10,Partial
11479,7479,3,5379,2025-11-02,2025-11-09,Partial
11480,7480,3,3313,2025-10-22,2025-10-22,Partial
11481,7481,3,11864,2025-10-22,2025-10-22,Partial
11482,7482,3,1703,2025-10-14,2025-10-14,Partial
11483,7483,3,6247,2025-10-17,2025-10-17,Partial
11484,7484,3,6234,2026-02-25,2026-02-25,Partial
11485,7485,3,2948,2026-02-11,2026-02-11,Partial
11486,7486,3,3596,2026-02-26,2026-02-26,Partial
11487,7487,3,2733,2026-02-13,2026-02-14,Partial
11488,7488,3,4329,2026-02-26,2026-02-26,Partial
11489,7489,3,6567,2025-11-01,2025-11-01,Partial
11490,7490,3,4375,2025-10-24,2025-10-24,Partial
11491,7491,3,2284,2025-10-11,2025-10-11,Partial
11492,7492,3,4769,2025-11-02,2025-11-02,Partial
11493,7493,3,8209,2025-10-18,2025-10-18,Partial
11494,7494,3,10096,2025-11-01,2025-11-01,Partial
11495,7495,3,1681,2026-03-03,2026-03-03,Partial
11496,7496,3,7735,2026-03-10,2026-03-10,Partial
11497,7497,3,6852,2026-02-27,2026-02-27,Partial
11498,7498,3,1448,2026-02-26,2026-02-26,Partial
11499,7499,3,8184,2026-02-19,2026-02-19,Partial
11500,7500,3,2446,2026-02-17,2026-02-17,Partial
11501,7501,3,3411,2026-02-22,2026-02-22,Partial
11502,7502,4,6032,2025-10-17,2025-10-24,Partial
11503,7503,4,15903,2025-10-30,2025-10-30,Partial
11504,7504,4,868,2025-10-10,2025-10-14,Partial
11505,7505,4,3784,2025-10-19,2025-10-19,Partial
11506,7506,4,16612,2025-11-02,2025-11-02,Partial
11507,7507,4,4655,2026-02-22,2026-02-22,Partial
11508,7508,4,6802,2026-02-22,2026-02-22,Partial
11509,7509,4,4687,2026-03-10,2026-03-10,Partial
11510,7510,4,7760,2026-02-21,2026-02-21,Partial
11511,7511,4,1222,2025-10-11,2025-10-11,Partial
11512,7512,4,4368,2025-10-30,2025-10-30,Partial
11513,7513,4,915,2025-10-11,2025-10-11,Partial
11514,7514,4,652,2025-10-24,2025-10-24,Lost
11515,7515,4,5510,2025-10-09,2025-10-09,Partial
11516,7516,4,6592,2025-10-26,2025-10-26,Partial
11517,7517,4,7672,2025-10-25,2025-10-25,Partial
11518,7518,4,5210,2025-10-12,2025-10-12,Partial
11519,7519,4,854,2026-03-06,2026-03-06,Partial
11520,7520,4,6966,2026-02-11,2026-02-11,Partial
11521,7521,4,3257,2026-02-20,2026-03-04,Partial
11522,7522,4,6846,2026-03-03,2026-03-03,Partial
11523,7523,4,2161,2026-02-17,2026-02-17,Partial
11524,7524,4,5634,2026-02-27,2026-02-27,Partial
11525,7525,4,5287,2026-02-25,2026-02-25,Partial
11526,7526,4,3368,2026-03-01,2026-03-01,Partial
11527,7527,4,5149,2025-10-19,2025-10-19,Partial
11528,7528,4,2690,2025-10-25,2025-10-28,Partial
11529,7529,4,4296,2025-10-30,2025-10-30,Partial
11530,7530,4,2581,2025-10-17,2025-10-24,Partial
11531,7531,4,3574,2025-10-16,2025-10-16,Partial
11532,7532,4,3282,2026-02-16,2026-02-16,Partial
11533,7533,4,1601,2026-02-07,2026-02-12,Partial
11534,7534,4,1344,2026-02-16,2026-02-16,Partial
11535,7535,4,103,2026-02-25,2026-02-25,Lost
11536,7536,4,7813,2025-11-04,2025-11-12,Partial
11537,7537,4,7552,2025-11-05,2025-11-05,Partial
11538,7538,4,1626,2025-11-04,2025-11-04,Partial
11539,7539,4,5393,2025-10-15,2025-10-15,Partial
11540,7540,4,3810,2025-10-28,2025-10-28,Partial
11541,7541,4,3833,2025-10-24,2025-10-24,Partial
11542,7542,4,1627,2025-10-16,2025-10-16,Partial
11543,7543,4,2898,2026-03-08,2026-03-08,Partial
11544,7544,4,1145,2026-02-12,2026-02-12,Partial
11545,7545,4,4656,2026-02-26,2026-02-26,Partial
11546,7546,4,6771,2026-02-18,2026-02-23,Partial
11547,7547,4,4604,2025-10-09,2025-10-09,Partial
11548,7548,4,1687,2025-10-13,2025-10-13,Partial
11549,7549,4,700,2025-10-18,2025-10-18,Partial
11550,7550,4,10301,2025-10-29,2025-10-29,Partial
11551,7551,4,3028,2025-10-12,2025-10-12,Partial
11552,7552,4,956,2026-02-22,2026-02-22,Partial
11553,7553,4,19766,2026-02-15,2026-02-15,Partial
11554,7554,4,2104,2026-02-27,2026-03-02,Partial
11555,7555,4,7612,2025-10-20,2025-10-20,Partial
11556,7556,4,1894,2025-10-21,2025-10-30,Partial
11557,7557,4,4337,2025-10-29,2025-10-29,Partial
11558,7558,4,63,2025-10-13,2025-10-13,Lost
11559,7559,4,809,2026-02-13,2026-02-13,Partial
11560,7560,4,7811,2026-02-13,2026-02-25,Partial
11561,7561,4,2193,2026-02-19,2026-02-19,Partial
11562,7562,4,5000,2026-03-05,2026-03-05,Partial
11563,7563,4,7107,2026-02-22,2026-02-22,Partial
11564,7564,4,7122,2026-02-14,2026-02-14,Partial
11565,7565,4,14502,2026-03-06,2026-03-06,Partial
11566,7566,4,16447,2026-03-06,2026-03-16,Partial
11567,7567,4,2671,2025-10-27,2025-10-27,Partial
11568,7568,4,4985,2025-10-20,2025-10-20,Partial
11569,7569,4,7439,2025-10-22,2025-10-29,Partial
11570,7570,4,615,2025-10-09,2025-10-09,Partial
11571,7571,4,3084,2025-10-17,2025-10-17,Partial
11572,7572,4,5080,2025-10-08,2025-10-08,Partial
11573,7573,4,5168,2025-11-02,2025-11-10,Partial
11574,7574,4,16331,2025-10-20,2025-10-20,Partial
11575,7575,4,6015,2026-02-10,2026-02-10,Partial
11576,7576,4,2472,2026-02-20,2026-02-20,Partial
11577,7577,4,8165,2026-02-06,2026-02-06,Partial
11578,7578,4,5211,2026-02-17,2026-02-17,Partial
11579,7579,4,860,2025-11-03,2025-11-14,Partial
11580,7580,4,7397,2025-10-26,2025-10-26,Partial
11581,7581,4,15000,2025-10-16,2025-10-16,Partial
11582,7582,4,7769,2025-10-25,2025-10-25,Partial
11583,7583,4,7193,2025-10-15,2025-10-15,Partial
11584,7584,4,3781,2025-10-16,2025-10-16,Partial
11585,7585,4,3405,2025-10-24,2025-10-24,Partial
11586,7586,4,2104,2026-02-24,2026-02-24,Partial
11587,7587,4,1956,2026-02-26,2026-02-26,Partial
11588,7588,4,933,2026-02-16,2026-02-23,Partial
11589,7589,4,2053,2026-02-09,2026-02-09,Partial
11590,7590,4,363,2026-02-10,2026-02-13,Lost
11591,7591,4,6740,2026-02-28,2026-02-28,Partial
11592,7592,1,4101,2025-10-24,2025-10-24,Delivered
11593,7593,1,8402,2025-10-27,2025-10-27,Partial
11594,7594,1,4766,2025-11-07,2025-11-07,Partial
11595,7595,1,5279,2025-10-24,2025-10-24,Delivered
11596,7596,1,3945,2025-10-30,2025-10-30,Partial
11597,7597,1,2593,2025-10-22,2025-10-22,Partial
11598,7598,1,17862,2025-11-02,2025-11-02,Partial
11599,7599,1,22111,2025-10-30,2025-10-30,Partial
11600,7600,1,7411,2026-02-20,2026-02-20,Delivered
11601,7601,1,6005,2026-02-17,2026-02-17,Delivered
11602,7602,1,125,2026-02-15,2026-02-15,Lost
11603,7603,1,7461,2026-03-09,2026-03-09,Delivered
11604,7604,1,2269,2026-03-05,2026-03-05,Delivered
11605,7605,1,7022,2026-03-06,2026-03-06,Partial
11606,7606,4,8051,2025-10-17,2025-10-25,Partial
11607,7607,4,2002,2025-10-25,2025-11-04,Partial
11608,7608,4,5607,2025-10-10,2025-10-10,Partial
11609,7609,4,1083,2025-10-12,2025-10-12,Partial
11610,7610,4,6078,2026-02-28,2026-02-28,Partial
11611,7611,4,822,2026-02-24,2026-02-24,Partial
11612,7612,4,8246,2026-03-03,2026-03-03,Partial
11613,7613,4,1557,2026-02-12,2026-02-12,Partial
11614,7614,4,10038,2025-10-11,2025-10-11,Partial
11615,7615,4,5939,2025-11-05,2025-11-05,Partial
11616,7616,4,5715,2025-10-07,2025-10-07,Partial
11617,7617,4,3457,2026-02-27,2026-02-27,Partial
11618,7618,4,4724,2026-02-18,2026-02-18,Partial
11619,7619,4,7749,2026-02-23,2026-02-23,Partial
11620,7620,4,2126,2026-02-28,2026-02-28,Partial
11621,7621,4,2302,2026-03-07,2026-03-07,Partial
11622,7622,4,1795,2025-10-29,2025-10-29,Partial
11623,7623,4,5941,2025-11-01,2025-11-01,Partial
11624,7624,4,1582,2025-10-11,2025-10-11,Partial
11625,7625,4,6565,2025-10-29,2025-11-10,Partial
11626,7626,4,4516,2026-03-03,2026-03-03,Partial
11627,7627,4,3045,2026-03-01,2026-03-01,Partial
11628,7628,4,8230,2026-03-02,2026-03-02,Partial
11629,7629,4,7613,2026-02-20,2026-02-20,Partial
11630,7630,4,3953,2026-02-12,2026-02-12,Partial
11631,7631,4,2753,2026-02-13,2026-02-13,Partial
11632,7632,4,6344,2025-10-21,2025-10-21,Partial
11633,7633,4,2291,2025-10-15,2025-10-15,Partial
11634,7634,4,6961,2025-10-14,2025-10-14,Partial
11635,7635,4,5114,2025-10-18,2025-10-18,Partial
11636,7636,4,2410,2025-10-31,2025-10-31,Partial
11637,7637,4,2802,2025-10-18,2025-10-18,Partial
11638,7638,4,2668,2025-10-24,2025-10-27,Partial
11639,7639,4,2664,2025-10-17,2025-10-17,Partial
11640,7640,4,1865,2026-02-13,2026-02-13,Partial
11641,7641,4,7477,2026-02-22,2026-02-22,Partial
11642,7642,4,839,2026-02-26,2026-02-26,Lost
11643,7643,4,5391,2025-10-25,2025-10-25,Partial
11644,7644,4,646,2025-10-20,2025-10-20,Partial
11645,7645,4,2813,2025-10-21,2025-10-21,Partial
11646,7646,4,3385,2025-10-15,2025-10-18,Partial
11647,7647,4,7196,2025-10-20,2025-10-20,Partial
11648,7648,4,2265,2025-10-16,2025-10-16,Partial
11649,7649,4,6857,2025-10-29,2025-10-29,Partial
11650,7650,4,4812,2025-10-16,2025-10-16,Partial
11651,7651,4,10275,2026-02-23,2026-02-23,Partial
11652,7652,4,6640,2026-03-07,2026-03-07,Partial
11653,7653,4,4746,2026-02-17,2026-02-17,Partial
11654,7654,4,8448,2026-02-21,2026-02-21,Partial
11655,7655,4,2618,2026-02-10,2026-02-10,Partial
11656,7656,4,5947,2026-03-04,2026-03-04,Partial
11657,7657,4,4451,2025-10-19,2025-10-19,Partial
11658,7658,4,6716,2025-10-22,2025-10-22,Partial
11659,7659,4,2399,2025-10-13,2025-10-13,Partial
11660,7660,4,867,2025-10-14,2025-10-14,Partial
11661,7661,4,5748,2025-10-15,2025-10-23,Partial
11662,7662,4,14365,2025-10-08,2025-10-08,Partial
11663,7663,4,2812,2025-10-23,2025-10-23,Partial
11664,7664,4,3871,2026-02-11,2026-02-21,Partial
11665,7665,4,5901,2026-03-01,2026-03-01,Partial
11666,7666,4,7038,2026-02-17,2026-02-17,Partial
11667,7667,4,7088,2026-02-27,2026-02-27,Partial
11668,7668,4,7223,2025-11-01,2025-11-09,Partial
11669,7669,4,5246,2025-10-18,2025-10-18,Partial
11670,7670,4,4346,2025-10-27,2025-10-27,Partial
11671,7671,4,4545,2025-10-13,2025-10-13,Partial
11672,7672,4,9404,2026-02-26,2026-03-08,Partial
11673,7673,4,950,2026-03-04,2026-03-04,Partial
11674,7674,4,5768,2026-03-04,2026-03-04,Partial
11675,7675,4,8093,2026-03-10,2026-03-10,Partial
11676,7676,4,2891,2026-03-02,2026-03-02,Partial
11677,7677,4,4757,2026-02-25,2026-02-25,Partial
11678,7678,4,4395,2026-02-27,2026-02-27,Partial
11679,7679,4,71,2025-10-15,2025-10-15,Lost
11680,7680,4,5913,2025-10-30,2025-10-30,Partial
11681,7681,4,5906,2025-10-27,2025-10-27,Partial
11682,7682,4,5209,2025-10-25,2025-11-02,Partial
11683,7683,4,3548,2025-10-25,2025-10-31,Partial
11684,7684,4,6665,2025-10-31,2025-10-31,Partial
11685,7685,4,2100,2025-10-24,2025-10-24,Partial
11686,7686,4,1865,2026-02-11,2026-02-11,Partial
11687,7687,4,7489,2026-02-14,2026-02-14,Partial
11688,7688,4,8164,2026-02-26,2026-02-26,Partial
11689,7689,4,2804,2026-02-11,2026-02-16,Partial
11690,7690,4,2279,2026-02-27,2026-02-27,Partial
11691,7691,4,7691,2026-03-06,2026-03-06,Partial
11692,7692,4,934,2026-02-23,2026-02-23,Partial
11693,7693,4,4754,2025-10-29,2025-11-01,Partial
11694,7694,4,15581,2025-10-30,2025-10-30,Partial
11695,7695,4,2971,2025-10-25,2025-10-29,Partial
11696,7696,4,7150,2026-02-11,2026-02-17,Partial
11697,7697,4,913,2026-03-04,2026-03-04,Partial
11698,7698,4,1044,2026-02-17,2026-02-26,Partial
11699,7699,4,6846,2026-03-03,2026-03-03,Partial
11700,7700,4,16532,2025-10-17,2025-10-17,Partial
11701,7701,4,12853,2025-10-26,2025-10-26,Partial
11702,7702,4,3481,2025-10-19,2025-10-19,Partial
11703,7703,4,7408,2025-10-28,2025-11-02,Partial
11704,7704,4,6053,2025-10-31,2025-10-31,Partial
11705,7705,4,3115,2026-02-13,2026-02-13,Partial
11706,7706,4,4472,2026-02-27,2026-02-27,Partial
11707,7707,4,2365,2026-02-18,2026-02-18,Partial
11708,7708,4,2092,2025-10-11,2025-10-11,Partial
11709,7709,4,4687,2025-10-08,2025-10-08,Partial
11710,7710,4,5790,2025-10-12,2025-10-12,Partial
11711,7711,4,2549,2025-11-03,2025-11-03,Partial
11712,7712,4,4650,2025-10-26,2025-10-26,Partial
11713,7713,4,7131,2025-10-22,2025-10-22,Partial
11714,7714,4,1463,2025-11-08,2025-11-08,Partial
11715,7715,4,3696,2026-02-11,2026-02-11,Partial
11716,7716,4,7642,2026-02-23,2026-02-23,Partial
11717,7717,4,1508,2026-03-10,2026-03-10,Partial
11718,7718,4,2037,2026-02-09,2026-02-09,Partial
11719,7719,4,5684,2026-02-12,2026-02-19,Partial
11720,7720,4,7694,2026-02-24,2026-02-24,Partial
11721,7721,4,1819,2025-11-03,2025-11-03,Partial
11722,7722,4,7758,2025-10-31,2025-11-11,Partial
11723,7723,4,5014,2025-11-01,2025-11-01,Partial
11724,7724,4,629,2025-10-14,2025-10-14,Partial
11725,7725,4,2569,2026-02-15,2026-02-15,Partial
11726,7726,4,5716,2026-02-18,2026-02-18,Partial
11727,7727,4,748,2026-02-22,2026-02-22,Partial
11728,7728,4,6288,2026-02-15,2026-02-15,Partial
11729,7729,4,3916,2026-02-24,2026-02-24,Partial
11730,7730,4,2198,2025-11-02,2025-11-02,Partial
11731,7731,4,772,2025-10-07,2025-10-07,Partial
11732,7732,4,3525,2025-10-28,2025-10-28,Partial
11733,7733,4,6082,2025-10-15,2025-10-15,Partial
11734,7734,4,1962,2025-10-31,2025-10-31,Partial
11735,7735,4,1442,2025-10-19,2025-10-19,Partial
11736,7736,4,846,2026-02-25,2026-02-25,Partial
11737,7737,4,6150,2026-02-22,2026-03-01,Partial
11738,7738,4,4264,2026-02-25,2026-03-03,Partial
11739,7739,5,4822,2025-10-13,2025-10-25,Partial
11740,7740,5,3539,2025-10-09,2025-10-09,Partial
11741,7741,5,5254,2025-10-27,2025-11-05,Partial
11742,7742,5,7761,2025-10-31,2025-10-31,Partial
11743,7743,5,4039,2025-10-18,2025-10-18,Partial
11744,7744,5,7245,2025-10-21,2025-10-27,Partial
11745,7745,5,3964,2025-10-31,2025-11-08,Partial
11746,7746,5,5544,2025-10-25,2025-10-27,Partial
11747,7747,5,7043,2026-03-06,2026-03-15,Partial
11748,7748,5,6988,2026-02-28,2026-02-28,Partial
11749,7749,5,4656,2026-02-16,2026-02-16,Partial
11750,7750,5,4584,2026-02-12,2026-02-12,Partial
11751,7751,5,6203,2026-02-27,2026-02-27,Partial
11752,7752,5,3773,2026-02-16,2026-02-16,Partial
11753,7753,5,3622,2026-02-17,2026-02-17,Partial
11754,7754,5,1049,2026-02-14,2026-02-21,Partial
11755,7755,5,2437,2025-10-07,2025-10-07,Partial
11756,7756,5,6335,2025-10-16,2025-10-24,Partial
11757,7757,5,2197,2025-10-13,2025-10-13,Partial
11758,7758,5,3975,2025-10-27,2025-10-27,Partial
11759,7759,5,1207,2025-10-13,2025-10-27,Partial
11760,7760,5,2364,2025-10-17,2025-10-17,Partial
11761,7761,5,7793,2026-02-15,2026-02-15,Partial
11762,7762,5,1002,2026-02-20,2026-02-20,Partial
11763,7763,5,6324,2026-03-01,2026-03-11,Partial
11764,7764,5,7397,2025-10-12,2025-10-12,Partial
11765,7765,5,2222,2025-10-12,2025-10-12,Partial
11766,7766,5,3673,2025-10-29,2025-10-29,Partial
11767,7767,5,4951,2025-10-22,2025-10-22,Partial
11768,7768,5,3994,2025-10-20,2025-10-24,Partial
11769,7769,5,1555,2026-02-17,2026-02-17,Partial
11770,7770,5,8124,2026-03-06,2026-03-12,Partial
11771,7771,5,4243,2026-02-25,2026-03-05,Partial
11772,7772,5,2375,2026-02-19,2026-03-05,Partial
11773,7773,5,7649,2026-02-25,2026-02-25,Partial
11774,7774,5,1911,2026-02-19,2026-02-19,Partial
11775,7775,5,7512,2026-02-19,2026-03-05,Partial
11776,7776,5,4817,2025-10-28,2025-10-28,Partial
11777,7777,5,2871,2025-10-15,2025-10-15,Partial
11778,7778,5,1461,2025-10-15,2025-10-15,Partial
11779,7779,5,4838,2025-10-23,2025-10-25,Partial
11780,7780,5,1800,2025-11-03,2025-11-05,Partial
11781,7781,5,3857,2026-03-05,2026-03-11,Partial
11782,7782,5,5498,2026-03-04,2026-03-04,Partial
11783,7783,5,1610,2026-02-24,2026-03-05,Partial
11784,7784,5,15954,2026-03-09,2026-03-09,Partial
11785,7785,5,2571,2026-03-04,2026-03-04,Partial
11786,7786,5,1699,2025-10-24,2025-10-24,Partial
11787,7787,5,7170,2025-10-27,2025-10-27,Partial
11788,7788,5,5400,2025-10-11,2025-10-24,Partial
11789,7789,5,1997,2025-10-31,2025-10-31,Partial
11790,7790,5,2174,2025-10-16,2025-10-16,Partial
11791,7791,5,5226,2026-02-19,2026-02-22,Partial
11792,7792,5,2743,2026-03-03,2026-03-03,Partial
11793,7793,5,5438,2026-02-28,2026-02-28,Partial
11794,7794,5,4896,2026-02-22,2026-02-22,Partial
11795,7795,5,4131,2025-10-09,2025-10-09,Partial
11796,7796,5,5933,2025-11-04,2025-11-04,Partial
11797,7797,5,1672,2025-11-02,2025-11-02,Partial
11798,7798,5,5483,2025-10-10,2025-10-10,Partial
11799,7799,5,829,2025-10-22,2025-10-22,Partial
11800,7800,5,1628,2025-10-31,2025-11-06,Partial
11801,7801,5,2429,2025-10-21,2025-11-01,Partial
11802,7802,5,4225,2025-10-29,2025-10-29,Partial
11803,7803,5,679,2026-02-22,2026-02-22,Partial
11804,7804,5,5410,2026-02-15,2026-02-15,Partial
11805,7805,5,753,2026-02-18,2026-02-18,Partial
11806,7806,5,6052,2026-03-07,2026-03-07,Partial
11807,7807,5,1597,2025-10-29,2025-10-31,Partial
11808,7808,5,4911,2025-10-29,2025-10-29,Partial
11809,7809,5,10212,2025-10-24,2025-11-06,Partial
11810,7810,5,4244,2026-02-11,2026-02-11,Partial
11811,7811,5,2643,2026-02-22,2026-02-22,Partial
11812,7812,5,6758,2026-03-04,2026-03-04,Partial
11813,7813,5,528,2026-02-25,2026-03-09,Partial
11814,7814,5,10426,2026-02-18,2026-02-18,Partial
11815,7815,5,5845,2025-10-20,2025-10-20,Partial
11816,7816,5,2400,2025-11-02,2025-11-02,Partial
11817,7817,5,20977,2025-10-31,2025-11-11,Partial
11818,7818,5,5290,2026-02-16,2026-02-19,Partial
11819,7819,5,3805,2026-03-04,2026-03-04,Partial
11820,7820,5,6241,2026-02-27,2026-02-27,Partial
11821,7821,5,3148,2026-02-09,2026-02-09,Partial
11822,7822,5,10385,2026-02-16,2026-02-16,Partial
11823,7823,5,2783,2026-02-15,2026-02-15,Partial
11824,7824,5,6121,2026-02-11,2026-02-11,Partial
11825,7825,5,15523,2025-11-03,2025-11-03,Partial
11826,7826,5,1413,2025-10-13,2025-10-13,Partial
11827,7827,5,4484,2025-11-03,2025-11-03,Partial
11828,7828,5,3922,2025-11-07,2025-11-07,Partial
11829,7829,5,19558,2025-10-12,2025-10-12,Partial
11830,7830,5,6556,2026-02-09,2026-02-09,Partial
11831,7831,5,5500,2026-02-23,2026-02-23,Partial
11832,7832,5,12352,2026-02-23,2026-03-05,Partial
11833,7833,5,7380,2026-02-21,2026-02-21,Partial
11834,7834,5,7661,2026-02-13,2026-02-13,Partial
11835,7835,5,4281,2025-10-09,2025-10-09,Partial
11836,7836,5,11142,2025-10-09,2025-10-17,Partial
11837,7837,5,1987,2025-11-04,2025-11-04,Partial
11838,7838,5,5331,2025-10-19,2025-10-23,Partial
11839,7839,5,3511,2026-02-21,2026-02-24,Partial
11840,7840,5,1460,2026-02-23,2026-02-23,Partial
11841,7841,5,2997,2026-02-16,2026-02-16,Partial
11842,7842,5,6082,2026-02-20,2026-02-20,Partial
11843,7843,5,7089,2025-10-18,2025-10-18,Partial
11844,7844,5,1720,2025-11-04,2025-11-04,Partial
11845,7845,5,4064,2025-10-08,2025-10-08,Partial
11846,7846,5,7494,2025-10-28,2025-11-11,Partial
11847,7847,5,6961,2025-10-16,2025-10-19,Partial
11848,7848,5,11562,2025-11-03,2025-11-06,Partial
11849,7849,5,4164,2025-10-21,2025-10-27,Partial
11850,7850,5,2467,2026-02-25,2026-03-10,Partial
11851,7851,5,3888,2026-02-26,2026-02-26,Partial
11852,7852,5,15133,2026-03-01,2026-03-01,Partial
11853,7853,5,4037,2026-03-05,2026-03-05,Partial
11854,7854,5,6075,2025-10-17,2025-10-17,Partial
11855,7855,5,5451,2025-10-15,2025-10-27,Partial
11856,7856,5,4722,2025-10-25,2025-10-25,Partial
11857,7857,5,1119,2025-11-03,2025-11-03,Partial
11858,7858,5,1055,2025-10-09,2025-10-09,Lost
11859,7859,5,3778,2025-10-22,2025-10-30,Partial
11860,7860,5,2866,2025-10-18,2025-10-18,Partial
11861,7861,5,7625,2025-10-11,2025-10-20,Partial
11862,7862,5,2092,2026-02-11,2026-02-11,Partial
11863,7863,5,7329,2026-02-27,2026-02-27,Partial
11864,7864,5,10434,2026-02-14,2026-02-14,Partial
11865,7865,5,3289,2026-02-15,2026-02-15,Partial
11866,7866,5,5826,2026-03-07,2026-03-07,Partial
11867,7867,5,5373,2025-10-13,2025-10-13,Partial
11868,7868,5,3795,2025-10-21,2025-11-02,Partial
11869,7869,5,1357,2025-10-20,2025-10-23,Partial
11870,7870,5,4007,2025-10-18,2025-10-26,Partial
11871,7871,5,6774,2025-10-15,2025-10-15,Partial
11872,7872,5,7961,2025-11-01,2025-11-07,Partial
11873,7873,5,2099,2025-10-28,2025-11-09,Partial
11874,7874,5,3576,2026-03-05,2026-03-05,Partial
11875,7875,5,7183,2026-03-03,2026-03-03,Partial
11876,7876,5,4891,2026-02-26,2026-02-26,Partial
11877,7877,5,2122,2026-02-15,2026-02-15,Partial
11878,7878,5,2580,2026-03-08,2026-03-08,Partial
11879,7879,5,6962,2026-02-18,2026-02-18,Partial
11880,7880,5,5258,2026-02-13,2026-02-13,Partial
11881,7881,5,3425,2025-10-26,2025-10-26,Partial
11882,7882,5,1963,2025-10-22,2025-10-22,Partial
11883,7883,5,3519,2025-11-02,2025-11-02,Partial
11884,7884,5,4711,2026-02-24,2026-02-26,Partial
11885,7885,5,917,2026-02-14,2026-02-25,Partial
11886,7886,5,3945,2026-02-21,2026-03-01,Partial
11887,7887,5,4247,2026-02-12,2026-02-12,Partial
11888,7888,5,7807,2026-02-24,2026-02-24,Partial
11889,7889,5,3131,2026-02-15,2026-02-15,Partial
11890,7890,5,2529,2025-10-26,2025-10-31,Partial
11891,7891,5,7864,2025-10-23,2025-10-23,Partial
11892,7892,5,10440,2025-10-19,2025-10-19,Partial
11893,7893,5,1281,2025-11-01,2025-11-01,Partial
11894,7894,5,4797,2025-10-07,2025-10-07,Partial
11895,7895,5,11358,2025-10-25,2025-11-05,Partial
11896,7896,5,2743,2026-03-05,2026-03-17,Partial
11897,7897,5,3150,2026-02-12,2026-02-12,Partial
11898,7898,5,3405,2026-03-05,2026-03-07,Partial
11899,7899,5,754,2026-02-16,2026-02-25,Partial
11900,7900,5,3043,2026-02-16,2026-02-16,Partial
11901,7901,5,1632,2026-02-19,2026-02-19,Partial
11902,7902,5,2119,2026-02-15,2026-02-15,Partial
11903,7903,5,7423,2025-10-12,2025-10-12,Partial
11904,7904,5,7088,2025-10-24,2025-10-24,Partial
11905,7905,5,1147,2025-10-30,2025-10-30,Partial
11906,7906,5,920,2025-10-26,2025-10-26,Partial
11907,7907,5,4256,2025-11-01,2025-11-01,Partial
11908,7908,5,5981,2025-10-27,2025-10-27,Partial
11909,7909,5,7592,2026-02-10,2026-02-10,Partial
11910,7910,5,851,2026-02-14,2026-02-14,Partial
11911,7911,5,5411,2026-03-04,2026-03-04,Partial
11912,7912,5,1445,2026-03-05,2026-03-18,Partial
11913,7913,5,7689,2025-10-26,2025-10-26,Partial
11914,7914,5,4606,2025-10-23,2025-10-23,Partial
11915,7915,5,936,2025-10-16,2025-10-16,Partial
11916,7916,5,2915,2025-10-20,2025-11-03,Partial
11917,7917,5,652,2025-11-02,2025-11-08,Partial
11918,7918,5,1812,2025-10-30,2025-10-30,Partial
11919,7919,5,4021,2026-02-16,2026-02-16,Partial
11920,7920,5,6315,2026-03-04,2026-03-18,Partial
11921,7921,5,1312,2026-02-09,2026-02-09,Partial
11922,7922,5,16272,2026-02-13,2026-02-19,Partial
11923,7923,5,1233,2026-02-18,2026-02-18,Partial
11924,7924,5,5133,2026-02-09,2026-02-15,Partial
11925,7925,5,2594,2025-11-01,2025-11-10,Partial
11926,7926,5,5493,2025-11-02,2025-11-02,Partial
11927,7927,5,6654,2025-10-20,2025-10-20,Partial
11928,7928,5,4935,2025-10-16,2025-10-29,Partial
11929,7929,5,3146,2025-10-15,2025-10-15,Partial
11930,7930,5,1867,2025-10-16,2025-10-16,Partial
11931,7931,5,7229,2025-10-14,2025-10-14,Partial
11932,7932,5,5860,2025-10-17,2025-10-17,Partial
11933,7933,5,6426,2026-02-15,2026-02-15,Partial
11934,7934,5,2090,2026-02-20,2026-02-20,Partial
11935,7935,5,13885,2026-03-07,2026-03-07,Partial
11936,7936,5,4788,2025-10-20,2025-10-20,Partial
11937,7937,5,5000,2025-11-06,2025-11-06,Partial
11938,7938,5,1741,2025-10-13,2025-10-13,Partial
11939,7939,5,7745,2025-10-27,2025-10-27,Partial
11940,7940,5,2246,2026-02-14,2026-02-14,Partial
11941,7941,5,16842,2026-02-20,2026-02-20,Partial
11942,7942,5,7221,2026-02-14,2026-02-14,Partial
11943,7943,5,4934,2025-10-15,2025-10-15,Partial
11944,7944,5,5005,2025-10-10,2025-10-10,Partial
11945,7945,5,4193,2025-11-05,2025-11-11,Partial
11946,7946,5,5101,2025-10-12,2025-10-12,Partial
11947,7947,5,3295,2025-10-20,2025-10-20,Partial
11948,7948,5,3161,2026-03-06,2026-03-06,Partial
11949,7949,5,5626,2026-02-11,2026-02-13,Partial
11950,7950,5,7395,2026-02-28,2026-02-28,Partial
11951,7951,5,7469,2025-10-21,2025-10-26,Partial
11952,7952,5,2150,2025-10-21,2025-10-21,Partial
11953,7953,5,1292,2025-10-08,2025-10-08,Partial
11954,7954,5,3965,2026-02-25,2026-02-25,Partial
11955,7955,5,1618,2026-03-04,2026-03-04,Partial
11956,7956,5,5311,2026-02-15,2026-02-15,Partial
11957,7957,5,5778,2026-03-07,2026-03-07,Partial
11958,7958,5,1079,2026-02-24,2026-03-03,Partial
11959,7959,5,1785,2026-02-28,2026-02-28,Partial
11960,7960,5,1906,2025-10-15,2025-10-15,Partial
11961,7961,5,5954,2025-10-29,2025-10-31,Partial
11962,7962,5,15775,2025-10-11,2025-10-11,Partial
11963,7963,5,796,2025-10-17,2025-10-17,Partial
11964,7964,5,7143,2025-10-20,2025-10-20,Partial
11965,7965,5,1692,2025-10-11,2025-10-21,Partial
11966,7966,5,4893,2026-03-04,2026-03-17,Partial
11967,7967,5,3463,2026-02-24,2026-03-02,Partial
11968,7968,5,219,2026-02-25,2026-02-25,Lost
11969,7969,5,1304,2026-02-14,2026-02-14,Partial
11970,7970,6,5038,2025-10-14,2025-10-14,Partial
11971,7971,6,3286,2025-10-24,2025-10-24,Partial
11972,7972,6,4217,2025-10-20,2025-10-20,Partial
11973,7973,6,12917,2025-10-28,2025-10-28,Partial
11974,7974,6,3120,2026-02-19,2026-02-19,Partial
11975,7975,6,6230,2026-02-24,2026-02-24,Partial
11976,7976,6,5965,2026-02-14,2026-02-24,Partial
11977,7977,6,6577,2026-02-22,2026-02-22,Partial
11978,7978,6,4980,2026-02-25,2026-02-25,Partial
11979,7979,6,19780,2025-10-11,2025-10-11,Partial
11980,7980,6,3004,2025-10-26,2025-10-26,Partial
11981,7981,6,6072,2025-10-14,2025-10-14,Partial
11982,7982,6,7188,2025-10-31,2025-10-31,Partial
11983,7983,6,8065,2025-10-21,2025-10-28,Partial
11984,7984,6,5037,2025-10-14,2025-10-17,Partial
11985,7985,6,3157,2025-10-14,2025-10-14,Partial
11986,7986,6,6415,2025-10-30,2025-10-30,Partial
11987,7987,6,8282,2026-03-06,2026-03-06,Partial
11988,7988,6,7885,2026-02-26,2026-02-26,Partial
11989,7989,6,4922,2026-02-24,2026-02-24,Partial
11990,7990,6,4504,2026-02-18,2026-02-18,Partial
11991,7991,6,2046,2026-02-25,2026-02-25,Partial
11992,7992,6,3329,2026-02-23,2026-02-23,Partial
11993,7993,6,6473,2025-11-01,2025-11-01,Partial
11994,7994,6,6668,2025-10-31,2025-10-31,Partial
11995,7995,6,7492,2025-10-14,2025-10-14,Partial
11996,7996,6,610,2026-02-14,2026-02-14,Partial
11997,7997,6,6987,2026-02-24,2026-02-24,Partial
11998,7998,6,131,2026-02-18,2026-02-18,Lost
11999,7999,6,1964,2026-02-10,2026-02-10,Partial
12000,8000,6,821,2026-02-28,2026-02-28,Partial
12001,8001,6,6466,2025-10-24,2025-10-24,Partial
12002,8002,6,1114,2025-10-08,2025-10-08,Partial
12003,8003,6,5790,2025-10-19,2025-10-19,Partial
12004,8004,6,4737,2025-11-04,2025-11-04,Partial
12005,8005,6,8017,2025-10-12,2025-10-12,Partial
12006,8006,6,5483,2025-10-31,2025-10-31,Partial
12007,8007,6,6860,2026-02-08,2026-02-08,Partial
12008,8008,6,1034,2026-03-01,2026-03-01,Partial
12009,8009,6,6967,2026-02-13,2026-02-13,Partial
12010,8010,6,6926,2026-02-18,2026-02-18,Partial
12011,8011,6,7541,2026-02-20,2026-02-20,Partial
12012,8012,6,8075,2026-03-08,2026-03-08,Partial
12013,8013,6,6736,2026-02-22,2026-02-22,Partial
12014,8014,6,2695,2026-02-15,2026-02-15,Partial
12015,8015,6,823,2025-10-21,2025-10-25,Partial
12016,8016,6,4401,2025-11-04,2025-11-04,Partial
12017,8017,6,297,2025-10-17,2025-10-17,Lost
12018,8018,6,7639,2025-10-28,2025-10-28,Partial
12019,8019,6,2229,2026-02-16,2026-02-16,Partial
12020,8020,6,951,2026-03-06,2026-03-06,Partial
12021,8021,6,2178,2026-02-15,2026-02-15,Partial
12022,8022,6,3108,2026-02-12,2026-02-19,Partial
12023,8023,6,2670,2026-02-23,2026-02-23,Partial
12024,8024,6,7416,2026-02-11,2026-02-15,Partial
12025,8025,6,2878,2026-02-18,2026-02-18,Partial
12026,8026,6,1236,2026-02-17,2026-02-17,Partial
12027,8027,6,5886,2025-10-16,2025-10-20,Partial
12028,8028,6,3805,2025-10-16,2025-10-16,Partial
12029,8029,6,3191,2025-10-18,2025-10-18,Partial
12030,8030,6,3368,2025-11-04,2025-11-04,Partial
12031,8031,6,2504,2025-10-20,2025-10-20,Partial
12032,8032,6,8462,2026-02-10,2026-02-10,Partial
12033,8033,6,3889,2026-02-10,2026-02-10,Partial
12034,8034,6,3157,2026-03-05,2026-03-05,Partial
12035,8035,6,5826,2025-10-20,2025-10-20,Partial
12036,8036,6,2229,2025-10-25,2025-10-25,Partial
12037,8037,6,6020,2025-11-01,2025-11-01,Partial
12038,8038,6,5114,2025-10-17,2025-10-17,Partial
12039,8039,6,6639,2025-10-21,2025-10-21,Partial
12040,8040,6,2820,2025-10-27,2025-10-27,Partial
12041,8041,6,16004,2026-03-03,2026-03-03,Partial
12042,8042,6,4586,2026-02-23,2026-02-23,Partial
12043,8043,6,3026,2026-03-06,2026-03-06,Partial
12044,8044,6,5655,2026-02-10,2026-02-14,Partial
12045,8045,6,8168,2025-10-28,2025-10-28,Partial
12046,8046,6,1125,2025-10-14,2025-10-18,Partial
12047,8047,6,2814,2025-10-21,2025-10-21,Partial
12048,8048,6,4502,2025-10-27,2025-10-27,Partial
12049,8049,6,4087,2026-02-08,2026-02-08,Partial
12050,8050,6,5082,2026-02-13,2026-02-13,Partial
12051,8051,6,6480,2026-03-05,2026-03-05,Partial
12052,8052,6,5708,2026-02-18,2026-02-18,Partial
12053,8053,6,2068,2025-10-30,2025-10-30,Partial
12054,8054,6,777,2025-10-21,2025-10-21,Partial
12055,8055,6,5836,2025-10-07,2025-10-07,Partial
12056,8056,6,3458,2025-10-19,2025-10-19,Partial
12057,8057,6,6914,2026-02-25,2026-02-25,Partial
12058,8058,6,7539,2026-02-11,2026-02-11,Partial
12059,8059,6,7156,2026-03-01,2026-03-01,Partial
12060,8060,6,5183,2026-02-26,2026-02-26,Partial
12061,8061,6,3573,2026-02-24,2026-02-24,Partial
12062,8062,6,4102,2026-02-08,2026-02-08,Partial
12063,8063,6,4709,2026-02-18,2026-02-18,Partial
12064,8064,6,10103,2026-02-23,2026-02-23,Partial
12065,8065,6,4594,2025-10-24,2025-10-24,Partial
12066,8066,6,83,2025-10-26,2025-10-26,Lost
12067,8067,6,17110,2025-10-22,2025-10-22,Partial
12068,8068,6,5481,2025-10-09,2025-10-12,Partial
12069,8069,6,2761,2025-10-13,2025-10-13,Partial
12070,8070,6,3418,2025-11-02,2025-11-02,Partial
12071,8071,6,13688,2025-10-26,2025-10-26,Partial
12072,8072,6,6403,2026-02-21,2026-02-21,Partial
12073,8073,6,2647,2026-02-25,2026-03-07,Partial
12074,8074,6,801,2026-02-22,2026-02-22,Partial
12075,8075,6,16374,2026-03-02,2026-03-02,Partial
12076,8076,6,2408,2026-02-17,2026-02-17,Partial
12077,8077,6,4919,2026-03-08,2026-03-08,Partial
12078,8078,6,1238,2025-10-15,2025-10-15,Partial
12079,8079,6,6305,2025-10-09,2025-10-09,Partial
12080,8080,6,4873,2025-10-26,2025-10-26,Partial
12081,8081,6,5200,2025-10-29,2025-10-29,Partial
12082,8082,6,6356,2025-10-25,2025-10-25,Partial
12083,8083,6,4013,2025-10-14,2025-10-14,Partial
12084,8084,6,6929,2026-02-27,2026-02-27,Partial
12085,8085,6,10440,2026-02-20,2026-02-20,Partial
12086,8086,6,2140,2026-03-07,2026-03-07,Partial
12087,8087,6,1568,2026-03-03,2026-03-03,Partial
12088,8088,6,10323,2026-02-26,2026-02-26,Partial
12089,8089,6,6306,2026-02-10,2026-02-10,Partial
12090,8090,6,3320,2026-02-11,2026-02-11,Partial
12091,8091,6,4184,2025-10-13,2025-10-13,Partial
12092,8092,6,4773,2025-10-13,2025-10-13,Partial
12093,8093,6,7078,2025-11-01,2025-11-01,Partial
12094,8094,6,7329,2025-10-25,2025-10-25,Partial
12095,8095,6,6308,2025-10-07,2025-10-07,Partial
12096,8096,6,7571,2025-10-24,2025-10-24,Partial
12097,8097,6,6539,2026-03-06,2026-03-06,Partial
12098,8098,6,5459,2026-03-01,2026-03-01,Partial
12099,8099,6,6790,2026-03-07,2026-03-07,Partial
12100,8100,6,782,2025-10-26,2025-10-26,Partial
12101,8101,6,2308,2025-10-22,2025-10-26,Partial
12102,8102,6,2644,2025-10-26,2025-10-26,Partial
12103,8103,6,2181,2025-10-28,2025-10-28,Partial
12104,8104,6,259,2026-02-16,2026-02-16,Lost
12105,8105,6,14181,2026-03-05,2026-03-05,Partial
12106,8106,6,8089,2026-02-23,2026-02-25,Partial
12107,8107,6,3980,2026-02-28,2026-02-28,Partial
12108,8108,6,2053,2026-02-14,2026-02-14,Partial
12109,8109,6,7414,2026-02-18,2026-02-22,Partial
12110,8110,6,7762,2026-03-04,2026-03-04,Partial
12111,8111,6,1643,2025-11-01,2025-11-01,Partial
12112,8112,6,6669,2025-11-06,2025-11-06,Partial
12113,8113,6,5411,2025-10-17,2025-10-17,Partial
12114,8114,6,7059,2025-10-23,2025-10-23,Partial
12115,8115,6,15518,2025-10-14,2025-10-14,Partial
12116,8116,6,7814,2025-10-17,2025-10-17,Partial
12117,8117,6,3111,2025-11-01,2025-11-01,Partial
12118,8118,6,1429,2026-02-25,2026-02-25,Partial
12119,8119,6,2074,2026-02-13,2026-02-13,Partial
12120,8120,6,5278,2026-02-14,2026-02-14,Partial
12121,8121,6,3377,2026-02-11,2026-02-11,Partial
12122,8122,6,2797,2026-02-19,2026-02-19,Partial
12123,8123,6,5744,2025-10-07,2025-10-07,Partial
12124,8124,6,3473,2025-10-28,2025-10-28,Partial
12125,8125,6,3972,2025-10-23,2025-10-23,Partial
12126,8126,6,1558,2025-10-09,2025-10-09,Partial
12127,8127,6,6195,2025-10-11,2025-10-11,Partial
12128,8128,6,872,2025-10-17,2025-10-17,Partial
12129,8129,6,1828,2025-11-05,2025-11-05,Partial
12130,8130,6,11886,2025-10-31,2025-10-31,Partial
12131,8131,6,379,2026-02-23,2026-02-23,Lost
12132,8132,6,1700,2026-02-12,2026-02-12,Partial
12133,8133,6,5047,2026-03-07,2026-03-07,Partial
12134,8134,6,3740,2025-10-12,2025-10-12,Partial
12135,8135,6,4673,2025-11-03,2025-11-03,Partial
12136,8136,6,3265,2025-11-01,2025-11-01,Partial
12137,8137,6,4983,2025-10-22,2025-10-22,Partial
12138,8138,6,5656,2025-10-16,2025-10-17,Partial
12139,8139,6,6183,2025-10-14,2025-10-14,Partial
12140,8140,6,14039,2025-10-22,2025-10-22,Partial
12141,8141,6,4337,2025-10-10,2025-10-10,Partial
12142,8142,6,4790,2026-02-14,2026-02-14,Partial
12143,8143,6,8560,2026-03-03,2026-03-03,Partial
12144,8144,6,7259,2026-03-09,2026-03-09,Partial
12145,8145,6,779,2026-02-08,2026-02-08,Partial
12146,8146,6,2147,2026-03-10,2026-03-10,Partial
12147,8147,6,9106,2026-03-04,2026-03-04,Partial
12148,8148,6,5927,2026-02-26,2026-02-26,Partial
12149,8149,6,2119,2026-03-02,2026-03-02,Partial
12150,8150,6,4231,2025-10-10,2025-10-10,Partial
12151,8151,6,15140,2025-10-08,2025-10-11,Partial
12152,8152,6,1564,2025-10-24,2025-10-24,Partial
12153,8153,6,7475,2025-10-19,2025-10-19,Partial
12154,8154,6,7488,2025-10-29,2025-10-29,Partial
12155,8155,6,1049,2026-03-08,2026-03-08,Partial
12156,8156,6,6351,2026-03-08,2026-03-08,Partial
12157,8157,6,4900,2026-02-13,2026-02-13,Partial
12158,8158,6,975,2025-10-17,2025-10-17,Partial
12159,8159,6,637,2025-10-28,2025-10-28,Partial
12160,8160,6,3516,2025-11-06,2025-11-06,Partial
12161,8161,6,1852,2025-10-17,2025-10-17,Partial
12162,8162,6,5517,2025-10-20,2025-10-20,Partial
12163,8163,6,4854,2025-10-26,2025-10-26,Partial
12164,8164,6,1366,2025-10-21,2025-10-21,Partial
12165,8165,6,4279,2025-10-12,2025-10-12,Partial
12166,8166,6,6757,2026-02-15,2026-02-15,Partial
12167,8167,6,7499,2026-03-03,2026-03-03,Partial
12168,8168,6,8241,2026-02-20,2026-02-20,Partial
12169,8169,6,1949,2026-02-26,2026-02-26,Partial
12170,8170,6,1816,2025-10-25,2025-10-25,Partial
12171,8171,6,2173,2025-10-08,2025-10-17,Partial
12172,8172,6,1543,2025-10-16,2025-10-16,Partial
12173,8173,6,4628,2025-11-01,2025-11-01,Partial
12174,8174,6,10170,2025-10-21,2025-10-21,Partial
12175,8175,6,7125,2025-10-15,2025-10-15,Partial
12176,8176,6,971,2026-02-16,2026-02-16,Partial
12177,8177,6,6334,2026-02-19,2026-02-19,Partial
12178,8178,6,3560,2026-02-12,2026-02-22,Partial
12179,8179,6,6729,2025-11-03,2025-11-03,Partial
12180,8180,6,4003,2025-11-03,2025-11-03,Partial
12181,8181,6,2318,2025-10-15,2025-10-15,Partial
12182,8182,6,7120,2025-10-29,2025-10-29,Partial
12183,8183,6,2909,2026-02-14,2026-02-14,Partial
12184,8184,6,728,2026-02-28,2026-02-28,Partial
12185,8185,6,1484,2026-02-21,2026-02-21,Partial
12186,8186,6,5206,2025-10-16,2025-10-17,Partial
12187,8187,6,7043,2025-11-01,2025-11-04,Partial
12188,8188,6,2818,2025-10-14,2025-10-14,Partial
12189,8189,6,8179,2025-10-29,2025-10-29,Partial
12190,8190,6,16686,2025-10-09,2025-10-09,Partial
12191,8191,6,3472,2025-10-18,2025-10-18,Partial
12192,8192,6,3590,2025-11-02,2025-11-08,Partial
12193,8193,6,4359,2026-02-16,2026-02-16,Partial
12194,8194,6,8090,2026-03-04,2026-03-04,Partial
12195,8195,6,5310,2026-03-03,2026-03-03,Partial
12196,8196,6,4056,2026-03-04,2026-03-04,Partial
12197,8197,6,2064,2026-02-18,2026-02-18,Partial
12198,8198,6,5320,2026-02-15,2026-02-15,Partial
12199,8199,6,1918,2026-02-12,2026-02-12,Partial
12200,8200,6,5186,2026-02-22,2026-02-22,Partial
12201,8201,6,2888,2025-10-23,2025-11-01,Partial
12202,8202,6,4080,2025-10-25,2025-10-25,Partial
12203,8203,6,1182,2025-10-09,2025-10-09,Partial
12204,8204,6,7736,2025-10-29,2025-10-29,Partial
12205,8205,6,692,2025-10-17,2025-10-17,Partial
12206,8206,6,8157,2025-10-29,2025-10-29,Partial
12207,8207,6,8573,2025-11-01,2025-11-01,Partial
12208,8208,6,4747,2025-11-02,2025-11-05,Partial
12209,8209,6,5247,2026-02-21,2026-02-21,Partial
12210,8210,6,3299,2026-03-04,2026-03-04,Partial
12211,8211,6,8922,2026-02-26,2026-02-26,Partial
12212,8212,6,3102,2026-02-26,2026-02-26,Partial
12213,8213,6,2876,2026-02-25,2026-02-25,Partial
12214,8214,6,4115,2026-02-21,2026-02-27,Partial
12215,8215,6,2006,2026-02-23,2026-02-23,Partial
12216,8216,6,4770,2025-10-17,2025-10-26,Partial
12217,8217,6,17828,2025-10-16,2025-10-16,Partial
12218,8218,6,6519,2025-10-15,2025-10-16,Partial
12219,8219,6,8461,2025-10-24,2025-10-24,Partial
12220,8220,6,2238,2025-11-03,2025-11-03,Partial
12221,8221,6,5052,2025-11-02,2025-11-02,Partial
12222,8222,6,2076,2026-02-26,2026-02-26,Partial
12223,8223,6,5656,2026-02-11,2026-02-11,Partial
12224,8224,6,8044,2026-02-19,2026-02-19,Partial
12225,8225,6,3998,2026-02-14,2026-02-20,Partial
12226,8226,6,646,2025-10-25,2025-10-25,Partial
12227,8227,6,5398,2025-10-28,2025-10-28,Partial
12228,8228,6,17552,2025-10-21,2025-10-21,Partial
12229,8229,6,3213,2025-10-14,2025-10-14,Partial
12230,8230,6,1135,2025-10-24,2025-10-24,Partial
12231,8231,6,7002,2025-10-25,2025-10-25,Partial
12232,8232,6,2476,2025-11-06,2025-11-06,Partial
12233,8233,6,3128,2026-02-18,2026-02-18,Partial
12234,8234,6,4001,2026-02-21,2026-02-21,Partial
12235,8235,6,4568,2026-03-01,2026-03-01,Partial
12236,8236,6,6279,2026-02-22,2026-02-22,Partial
12237,8237,6,5020,2025-10-24,2025-10-28,Partial
12238,8238,6,3036,2025-10-18,2025-10-18,Partial
12239,8239,6,4052,2025-10-22,2025-10-22,Partial
12240,8240,6,7935,2025-10-19,2025-10-19,Partial
12241,8241,6,2791,2025-11-01,2025-11-01,Partial
12242,8242,6,2094,2025-10-26,2025-11-01,Partial
12243,8243,6,3399,2025-10-29,2025-10-29,Partial
12244,8244,6,1878,2026-02-21,2026-02-21,Partial
12245,8245,6,3182,2026-02-25,2026-03-06,Partial
12246,8246,6,673,2026-02-23,2026-02-23,Lost
12247,8247,6,7973,2026-03-09,2026-03-10,Partial
12248,8248,6,6734,2026-02-20,2026-02-20,Partial
12249,8249,6,3710,2026-02-16,2026-02-16,Partial
12250,8250,6,5101,2026-02-26,2026-02-26,Partial
12251,8251,6,5930,2026-03-04,2026-03-04,Partial
12252,8252,6,4039,2025-11-01,2025-11-02,Partial
12253,8253,6,6990,2025-10-26,2025-10-26,Partial
12254,8254,6,3736,2025-10-31,2025-10-31,Partial
12255,8255,6,5459,2026-03-05,2026-03-05,Partial
12256,8256,6,6984,2026-03-01,2026-03-01,Partial
12257,8257,6,1858,2026-02-19,2026-02-19,Partial
12258,8258,6,1557,2026-02-28,2026-03-10,Partial
12259,8259,6,6877,2026-02-14,2026-02-14,Partial
12260,8260,6,6200,2025-10-19,2025-10-19,Partial
12261,8261,6,7847,2025-11-01,2025-11-01,Partial
12262,8262,6,5845,2025-11-03,2025-11-03,Partial
12263,8263,6,6249,2025-11-04,2025-11-04,Partial
12264,8264,6,2630,2025-10-27,2025-10-27,Partial
12265,8265,6,8461,2025-10-23,2025-10-23,Partial
12266,8266,6,3329,2025-10-30,2025-11-04,Partial
12267,8267,6,2966,2025-10-17,2025-10-17,Partial
12268,8268,6,8554,2026-02-27,2026-02-27,Partial
12269,8269,6,6949,2026-02-17,2026-02-17,Partial
12270,8270,6,8102,2026-02-21,2026-02-21,Partial
12271,8271,6,3681,2026-03-02,2026-03-02,Partial
12272,8272,6,2436,2026-02-26,2026-02-26,Partial
12273,8273,6,6623,2026-02-25,2026-02-25,Partial
12274,8274,6,4444,2025-10-26,2025-10-26,Partial
12275,8275,6,608,2025-10-18,2025-10-18,Partial
12276,8276,6,7820,2025-10-20,2025-10-20,Partial
12277,8277,6,7673,2025-10-31,2025-11-06,Partial
12278,8278,6,3052,2026-02-21,2026-02-24,Partial
12279,8279,6,4370,2026-02-19,2026-02-19,Partial
12280,8280,6,7044,2026-03-03,2026-03-03,Partial
12281,8281,6,3118,2026-03-01,2026-03-01,Partial
12282,8282,6,3242,2026-03-02,2026-03-02,Partial
12283,8283,6,4247,2026-02-21,2026-02-21,Partial
12284,8284,6,8179,2026-02-25,2026-02-25,Partial
12285,8285,6,6665,2026-02-27,2026-02-27,Partial
12286,8286,6,3831,2025-10-27,2025-10-29,Partial
12287,8287,6,4430,2025-10-26,2025-10-26,Partial
12288,8288,6,5429,2025-10-31,2025-10-31,Partial
12289,8289,6,4836,2025-10-22,2025-10-22,Partial
12290,8290,6,1202,2026-03-04,2026-03-04,Partial
12291,8291,6,1814,2026-02-14,2026-02-14,Partial
12292,8292,6,6984,2026-02-25,2026-02-25,Partial
12293,8293,6,3034,2026-02-16,2026-02-16,Partial
12294,8294,6,6394,2026-02-12,2026-02-12,Partial
12295,8295,6,2363,2025-11-03,2025-11-03,Partial
12296,8296,6,4770,2025-11-04,2025-11-04,Partial
12297,8297,6,133,2025-10-28,2025-10-28,Lost
12298,8298,6,2114,2025-10-20,2025-10-20,Partial
12299,8299,6,38,2025-10-22,2025-10-22,Lost
12300,8300,6,5255,2025-11-02,2025-11-02,Partial
12301,8301,6,2748,2025-10-06,2025-10-06,Partial
12302,8302,6,900,2025-11-05,2025-11-05,Partial
12303,8303,6,4655,2026-02-19,2026-02-19,Partial
12304,8304,6,7117,2026-02-19,2026-02-19,Partial
12305,8305,6,7612,2026-02-14,2026-02-14,Partial
12306,8306,6,5914,2025-10-18,2025-10-18,Partial
12307,8307,6,8083,2025-10-13,2025-10-13,Partial
12308,8308,6,4396,2025-10-18,2025-10-18,Partial
12309,8309,6,1971,2025-10-16,2025-10-16,Partial
12310,8310,6,5060,2025-10-17,2025-10-17,Partial
12311,8311,6,16513,2025-10-25,2025-10-30,Partial
12312,8312,6,2820,2025-10-30,2025-10-30,Partial
12313,8313,6,6534,2025-11-05,2025-11-05,Partial
12314,8314,6,8220,2026-02-19,2026-02-19,Partial
12315,8315,6,1089,2026-02-19,2026-02-19,Partial
12316,8316,6,5230,2026-02-24,2026-02-24,Partial
12317,8317,6,78,2026-03-09,2026-03-09,Lost
12318,8318,6,1266,2026-02-27,2026-02-27,Partial
12319,8319,6,5528,2025-10-11,2025-10-11,Partial
12320,8320,6,670,2025-11-05,2025-11-05,Partial
12321,8321,6,7081,2025-10-31,2025-10-31,Partial
12322,8322,6,1642,2025-11-06,2025-11-06,Partial
12323,8323,6,8130,2025-10-13,2025-10-13,Partial
12324,8324,6,6079,2026-02-27,2026-02-27,Partial
12325,8325,6,5813,2026-02-26,2026-02-26,Partial
12326,8326,6,7831,2026-02-19,2026-02-19,Partial
12327,8327,6,3403,2026-02-10,2026-02-10,Partial
12328,8328,6,1242,2026-03-05,2026-03-05,Partial
12329,8329,6,8064,2026-02-27,2026-02-27,Partial
12330,8330,6,4274,2025-10-11,2025-10-11,Partial
12331,8331,6,14063,2025-11-06,2025-11-06,Partial
12332,8332,6,5948,2025-11-03,2025-11-03,Partial
12333,8333,6,3234,2025-10-27,2025-10-27,Partial
12334,8334,6,7862,2025-10-24,2025-10-24,Partial
12335,8335,6,2690,2025-10-17,2025-10-17,Partial
12336,8336,6,2471,2025-11-04,2025-11-04,Partial
12337,8337,6,9771,2026-02-20,2026-02-20,Partial
12338,8338,6,4088,2026-02-27,2026-02-27,Partial
12339,8339,6,7354,2026-02-16,2026-02-16,Partial
12340,8340,6,3053,2026-03-09,2026-03-09,Partial
12341,8341,6,2695,2026-02-20,2026-02-20,Partial
12342,8342,6,1410,2026-02-10,2026-02-10,Partial
12343,8343,6,17875,2026-03-01,2026-03-01,Partial
12344,8344,6,5976,2026-02-23,2026-02-23,Partial
12345,8345,6,5301,2025-10-15,2025-10-21,Partial
12346,8346,6,5268,2025-11-01,2025-11-01,Partial
12347,8347,6,6337,2025-10-29,2025-11-08,Partial
12348,8348,6,8334,2025-11-02,2025-11-02,Partial
12349,8349,6,1032,2025-10-28,2025-10-28,Partial
12350,8350,6,7922,2025-10-24,2025-10-24,Partial
12351,8351,6,7163,2026-02-25,2026-02-26,Partial
12352,8352,6,3734,2026-02-24,2026-03-03,Partial
12353,8353,6,8087,2026-03-04,2026-03-04,Partial
12354,8354,6,16562,2026-02-16,2026-02-16,Partial
12355,8355,6,4102,2026-02-27,2026-02-27,Partial
12356,8356,6,1606,2026-02-20,2026-02-20,Partial
12357,8357,6,1182,2026-03-02,2026-03-02,Partial
12358,8358,6,7603,2025-10-19,2025-10-19,Partial
12359,8359,6,4561,2025-11-02,2025-11-02,Partial
12360,8360,6,2796,2025-10-15,2025-10-15,Partial
12361,8361,6,1753,2025-11-01,2025-11-03,Partial
12362,8362,6,6526,2026-02-16,2026-02-16,Partial
12363,8363,6,7221,2026-03-02,2026-03-02,Partial
12364,8364,6,3102,2026-03-05,2026-03-05,Partial
12365,8365,6,1742,2026-02-09,2026-02-09,Partial
12366,8366,6,5634,2025-10-15,2025-10-22,Partial
12367,8367,6,3204,2025-10-29,2025-10-29,Partial
12368,8368,6,15666,2025-10-20,2025-10-20,Partial
12369,8369,6,1346,2025-10-20,2025-10-20,Partial
12370,8370,6,7457,2025-10-28,2025-10-28,Partial
12371,8371,6,8154,2026-02-21,2026-02-21,Partial
12372,8372,6,6369,2026-02-25,2026-02-25,Partial
12373,8373,6,6846,2026-02-13,2026-02-13,Partial
12374,8374,6,1409,2025-10-23,2025-10-23,Partial
12375,8375,6,4005,2025-10-19,2025-10-26,Partial
12376,8376,6,2018,2025-10-24,2025-10-24,Partial
12377,8377,6,3233,2025-10-30,2025-10-30,Partial
12378,8378,6,6600,2025-10-18,2025-10-18,Partial
12379,8379,6,2299,2025-11-01,2025-11-01,Partial
12380,8380,6,4565,2025-10-27,2025-10-27,Partial
12381,8381,6,5413,2026-03-08,2026-03-08,Partial
12382,8382,6,5483,2026-02-15,2026-02-15,Partial
12383,8383,6,1024,2026-02-18,2026-02-18,Partial
12384,8384,6,1656,2026-02-26,2026-02-26,Partial
12385,8385,6,2097,2025-10-26,2025-10-26,Partial
12386,8386,6,6956,2025-10-18,2025-10-18,Partial
12387,8387,6,5048,2025-10-28,2025-10-28,Partial
12388,8388,6,7376,2025-10-11,2025-10-11,Partial
12389,8389,6,8237,2026-03-04,2026-03-04,Partial
12390,8390,6,18328,2026-02-13,2026-02-13,Partial
12391,8391,6,937,2026-02-12,2026-02-12,Lost
12392,8392,6,14169,2026-02-11,2026-02-11,Partial
12393,8393,6,10123,2026-02-23,2026-02-23,Partial
12394,8394,6,6543,2026-02-08,2026-02-08,Partial
12395,8395,6,5677,2025-10-31,2025-10-31,Partial
12396,8396,6,17870,2025-10-16,2025-10-16,Partial
12397,8397,6,854,2025-10-27,2025-10-27,Partial
12398,8398,6,5165,2025-11-04,2025-11-04,Partial
12399,8399,6,5378,2025-10-28,2025-10-28,Partial
12400,8400,6,2900,2025-10-22,2025-10-22,Partial
12401,8401,6,4977,2025-10-28,2025-10-28,Partial
12402,8402,6,898,2026-03-01,2026-03-01,Partial
12403,8403,6,3137,2026-02-26,2026-02-26,Partial
12404,8404,6,2797,2026-03-04,2026-03-04,Partial
12405,8405,6,3476,2026-03-02,2026-03-02,Partial
12406,8406,6,5126,2025-11-03,2025-11-03,Partial
12407,8407,6,5581,2025-10-13,2025-10-13,Partial
12408,8408,6,3625,2025-10-18,2025-10-18,Partial
12409,8409,6,2507,2025-10-26,2025-10-26,Partial
12410,8410,6,2428,2025-10-12,2025-10-12,Partial
12411,8411,6,3913,2025-10-11,2025-10-17,Partial
12412,8412,6,10529,2025-11-01,2025-11-02,Partial
12413,8413,6,6494,2025-10-10,2025-10-10,Partial
12414,8414,6,3924,2026-02-26,2026-02-26,Partial
12415,8415,6,3555,2026-02-27,2026-02-27,Partial
12416,8416,6,11532,2026-03-06,2026-03-06,Partial
12417,8417,6,6341,2026-02-27,2026-02-27,Partial
12418,8418,6,7014,2026-02-15,2026-02-15,Partial
12419,8419,6,769,2025-10-22,2025-10-22,Partial
12420,8420,6,7515,2025-11-02,2025-11-02,Partial
12421,8421,6,2041,2025-10-17,2025-10-17,Partial
12422,8422,6,2858,2025-10-15,2025-10-15,Partial
12423,8423,6,4587,2025-10-31,2025-10-31,Partial
12424,8424,6,1920,2026-02-14,2026-02-14,Partial
12425,8425,6,16094,2026-02-27,2026-02-27,Partial
12426,8426,6,5714,2026-02-23,2026-02-23,Partial
12427,8427,6,5052,2026-03-04,2026-03-04,Partial
12428,8428,6,624,2026-02-24,2026-02-24,Partial
12429,8429,6,7062,2026-02-11,2026-02-11,Partial
12430,8430,6,3304,2026-03-10,2026-03-10,Partial
12431,8431,6,1161,2025-10-29,2025-10-29,Partial
12432,8432,6,3065,2025-10-19,2025-10-19,Partial
12433,8433,6,7136,2025-10-31,2025-10-31,Partial
12434,8434,6,7924,2025-10-11,2025-10-11,Partial
12435,8435,6,6625,2025-10-29,2025-10-29,Partial
12436,8436,6,5654,2025-10-21,2025-10-21,Partial
12437,8437,6,3146,2026-02-27,2026-03-09,Partial
12438,8438,6,7727,2026-02-21,2026-02-21,Partial
12439,8439,6,4610,2026-02-07,2026-02-07,Partial
12440,8440,6,7499,2025-10-29,2025-10-29,Partial
12441,8441,6,16063,2025-11-05,2025-11-05,Partial
12442,8442,6,2287,2025-10-14,2025-10-14,Partial
12443,8443,6,6748,2025-10-13,2025-10-13,Partial
12444,8444,6,5295,2025-10-26,2025-10-26,Partial
12445,8445,6,5443,2025-10-25,2025-10-25,Partial
12446,8446,6,8296,2026-02-16,2026-02-18,Partial
12447,8447,6,7747,2026-02-18,2026-02-18,Partial
12448,8448,6,2132,2026-02-17,2026-02-17,Partial
12449,8449,6,2033,2025-10-12,2025-10-12,Partial
12450,8450,6,5638,2025-10-25,2025-10-25,Partial
12451,8451,6,892,2025-10-13,2025-10-13,Partial
12452,8452,6,5094,2025-10-24,2025-10-24,Partial
12453,8453,6,2421,2026-02-14,2026-02-14,Partial
12454,8454,6,7423,2026-03-06,2026-03-06,Partial
12455,8455,6,7240,2026-02-24,2026-02-24,Partial
12456,8456,6,4463,2026-02-17,2026-02-17,Partial
12457,8457,6,238,2026-02-21,2026-02-21,Lost
12458,8458,6,4331,2026-03-02,2026-03-02,Partial
12459,8459,6,6517,2026-02-28,2026-02-28,Partial
12460,8460,6,13845,2026-02-20,2026-02-20,Partial
